filename,chroma_stft,spectral_centroid,spectral_bandwidth,rolloff,zero_crossing_rate,tempo,mfcc1,mfcc2,mfcc3,mfcc4,mfcc5,mfcc6,mfcc7,mfcc8,mfcc9,mfcc10,mfcc11,mfcc12,mfcc13,mfcc14,mfcc15,mfcc16,mfcc17,mfcc18,mfcc19,mfcc20,label
cooler_than_me.mp3,0.4275026321411133,2869.8286202773706,2677.1804910680007,6014.937117543964,0.13302377911121674,[129.19921875],-12.486106872558594,66.9461669921875,0.30248263478279114,25.93309783935547,3.7324440479278564,6.7518229484558105,-3.3388590812683105,5.981509208679199,-4.871982574462891,5.68890380859375,-2.2499632835388184,2.9568049907684326,-4.2951579093933105,0.6564074158668518,-4.171000003814697,0.7711769342422485,-1.4403467178344727,1.5461164712905884,-3.9903712272644043,2.7718911170959473,2010
airplanes.mp3,0.423003226518631,2371.365986748766,2335.9753867047193,4883.348314326498,0.11117150407252784,[92.28515625],-19.895673751831055,88.95568084716797,-16.760705947875977,27.27427101135254,4.699789524078369,10.982787132263184,-3.973381280899048,5.238448619842529,0.7349050045013428,2.3330984115600586,-6.020254611968994,2.093508243560791,-5.614815711975098,2.6152970790863037,-4.192569255828857,2.2589080333709717,-5.238406181335449,2.3199682235717773,-3.5143635272979736,2.4304661750793457,2010
in_my_head.mp3,0.3562091886997223,3011.4184857111563,2711.7902526335083,6264.323144224048,0.14570584431070138,[112.34714674],-22.31182289123535,56.398441314697266,-11.291659355163574,24.008691787719727,3.027650833129883,1.601851463317871,-1.910718321800232,4.024603366851807,-2.9686925411224365,7.414852619171143,-1.4146947860717773,0.38518017530441284,-5.598175048828125,3.44018816947937,-7.220666885375977,-0.5221579670906067,-4.795783996582031,2.3794307708740234,-3.5093026161193848,1.032190203666687,2010
tik_tok.mp3,0.38904109597206116,2566.800493546533,2495.9219447319238,5313.328220083152,0.12045312588346715,[117.45383523],-32.0246696472168,74.23845672607422,-4.407170295715332,23.32176971435547,1.4482208490371704,5.175142765045166,5.466407299041748,1.7961944341659546,-1.0876768827438354,5.572907447814941,-7.605685710906982,2.1255359649658203,-6.48316764831543,2.310317039489746,-2.3115899562835693,-0.33603158593177795,-2.3079495429992676,0.7113384008407593,-3.418213367462158,4.908050537109375,2010
love_the_the_way_you_lie.mp3,0.40936875343322754,2796.5535699033944,2507.5763503551407,5479.50508168561,0.15896700616940862,[117.45383523],-39.7911491394043,74.7257080078125,-19.090473175048828,18.229612350463867,7.330379962921143,5.018394947052002,-0.30195921659469604,6.24232292175293,-1.519176721572876,2.741717576980591,-4.736490249633789,0.675784707069397,-6.952001094818115,2.451728105545044,-6.09827995300293,0.6641104817390442,-6.628309726715088,0.22330623865127563,-3.69010591506958,-0.4269278645515442,2010
rude_boy.mp3,0.3553943336009979,2888.4343534069826,2605.939202892607,5932.585171240382,0.136421795862959,[172.265625],-59.330238342285156,51.243831634521484,5.148359298706055,23.1635684967041,-8.168813705444336,3.8204023838043213,1.5390315055847168,2.1106255054473877,5.116493225097656,4.031439781188965,-3.3902623653411865,8.840018272399902,-3.152981996536255,7.35106086730957,-1.4547144174575806,4.747898101806641,0.4027062952518463,6.229630470275879,-0.6772769689559937,4.322305202484131,2010
dynamite.mp3,0.38933679461479187,2518.0081423951674,2682.18356131751,5769.865612364055,0.09200683866076408,[117.45383523],-43.246952056884766,72.9853744506836,1.670782208442688,15.443272590637207,10.530885696411133,15.1671724319458,1.5337647199630737,9.157501220703125,1.720402479171753,8.76453685760498,2.202568769454956,8.923724174499512,-0.8327203392982483,5.713282585144043,-0.5823267698287964,4.839280605316162,-2.0681211948394775,4.40098237991333,-2.955765962600708,4.8952226638793945,2010
hey_soul_sister.mp3,0.322014719247818,2090.3682752474997,2176.327635144594,4494.289083811377,0.10634998587598951,[95.703125],-76.1376953125,100.98014068603516,-13.471982955932617,37.57539749145508,-7.38535737991333,22.948333740234375,-18.41448402404785,16.759693145751953,-21.5699405670166,9.113716125488281,-11.86023998260498,2.6071829795837402,-6.968085289001465,5.045572757720947,-5.125730514526367,5.017824649810791,-3.3220722675323486,7.669510841369629,-3.358668804168701,4.708195209503174,2010
nothin_on_you.mp3,0.3413001000881195,2207.090920669063,2425.1298703678995,4674.530215556922,0.09463681315046746,[103.359375],-31.774690628051758,94.47319030761719,-1.1363587379455566,23.333816528320312,1.2017996311187744,1.8616560697555542,-8.030112266540527,-2.9981606006622314,-6.525865077972412,-1.8775495290756226,-0.3256897032260895,2.5961577892303467,-1.9795591831207275,2.205345869064331,-2.408421516418457,3.730111837387085,-2.828749895095825,4.5698018074035645,-5.502481460571289,3.7968666553497314,2010
omg.mp3,0.3763803243637085,2214.6632497531027,2396.5984049751687,4723.631747579527,0.08941948568357427,[129.19921875],-80.62104034423828,88.73793029785156,-10.910861015319824,4.0836710929870605,-3.0724833011627197,2.998161792755127,-3.8574256896972656,7.3313093185424805,-3.4957973957061768,6.329643249511719,1.3533976078033447,1.7481321096420288,-4.381651401519775,3.286229133605957,-3.0088133811950684,3.1011853218078613,-2.521853446960449,2.8982479572296143,-2.773996591567993,2.5319035053253174,2010
california_girls.mp3,0.45080241560935974,2544.588288281184,2616.447494818619,5504.791243670799,0.11216209926506494,[123.046875],-81.93164825439453,77.2161636352539,3.7740936279296875,20.701082229614258,5.413406848907471,9.743571281433105,1.3745052814483643,9.944013595581055,-0.263541579246521,9.440281867980957,-0.6458028554916382,5.753796100616455,-2.1856892108917236,3.290456533432007,-1.5270116329193115,3.6554605960845947,-0.2943594455718994,3.968881607055664,0.5082151889801025,6.178516864776611,2010
i_like_it.mp3,0.43064212799072266,3226.172718883918,2846.1178646103417,6703.408117331869,0.16500139241265274,[129.19921875],-45.60762405395508,55.04422378540039,-3.387874126434326,21.151996612548828,2.7523818016052246,9.158955574035645,2.1751911640167236,7.537586688995361,-0.31514400243759155,7.518575668334961,-1.2203741073608398,6.980227947235107,-1.2529574632644653,5.777309417724609,0.8733251690864563,4.497939586639404,-2.8478734493255615,2.3569278717041016,-3.02994704246521,1.203326940536499,2010
bad_romance.mp3,0.4349609613418579,2645.7339267691254,2639.480850686759,5715.210109860489,0.11341085023112848,[117.45383523],-47.92599105834961,68.62067413330078,-7.911902904510498,18.443138122558594,4.499777793884277,14.875772476196289,4.6192193031311035,9.764110565185547,0.282402366399765,11.577335357666016,0.8033465147018433,5.639108180999756,-0.09715094417333603,5.781026840209961,-2.9294486045837402,2.1685855388641357,-1.8592495918273926,3.6685755252838135,-4.108798503875732,3.2035136222839355,2010
imma_be.mp3,0.42471081018447876,1979.6784214679897,2301.3708717040745,4261.375951039291,0.06864085830610858,[123.046875],-97.3277816772461,91.97590637207031,5.628716468811035,25.284475326538086,7.299199104309082,10.150453567504883,-0.8283017873764038,6.064148426055908,-2.601698398590088,4.269199848175049,3.3427698612213135,6.777494430541992,-2.247619390487671,3.2306625843048096,-1.0612953901290894,5.55203914642334,-0.7408039569854736,4.1239213943481445,-1.3188235759735107,4.250315189361572,2010
bedrock.mp3,0.39240923523902893,2828.308993015034,2734.799682170176,6044.349482804126,0.11468058777103297,[99.38401442],-121.17718505859375,69.8714370727539,-2.0995748043060303,11.973154067993164,0.6871172785758972,2.6998791694641113,-2.156191349029541,8.819002151489258,-4.49851655960083,3.9254398345947266,-1.4841245412826538,5.594423294067383,-0.8789836764335632,4.018404006958008,-1.3249702453613281,2.5984690189361572,-2.44219970703125,2.997666835784912,-0.9561849236488342,2.431532144546509,2010
need_you_now.mp3,0.32294926047325134,1986.0775079704765,2212.5189758183565,4208.287176704351,0.08998983747612868,[107.66601562],-64.88699340820312,103.54264068603516,-2.1137866973876953,27.82141876220703,3.6192686557769775,12.86322021484375,0.7215271592140198,6.053693771362305,1.8220722675323486,3.9416871070861816,-5.480306625366211,1.6923507452011108,-4.930062294006348,2.595106601715088,-3.3183443546295166,1.4020533561706543,-2.5195260047912598,3.4056317806243896,-5.388913631439209,1.017499327659607,2010
break_your-heart.mp3,0.4169710874557495,2833.9477715833746,2817.08618078432,6300.577405049799,0.09707786850937578,[123.046875],-17.25226593017578,62.051815032958984,0.3123783767223358,24.761489868164062,7.524226188659668,14.10275936126709,-0.5626745820045471,8.446884155273438,-3.9750001430511475,4.624039173126221,1.0557539463043213,8.317310333251953,0.8393861651420593,5.698910236358643,-0.06469817459583282,5.5650787353515625,-2.2859179973602295,2.537205696105957,-4.140408039093018,0.3028748631477356,2010
teenage_dream.mp3,0.3835258185863495,2475.0960697891037,2532.491957254066,5316.751979575018,0.11316421364295896,[117.45383523],-19.489782333374023,88.32586669921875,0.6461237072944641,22.2698974609375,4.808521747589111,2.5513381958007812,0.677169919013977,5.491974353790283,3.01295804977417,9.309454917907715,-4.816582679748535,1.983228087425232,-1.6059038639068604,7.61403751373291,0.26507845520973206,5.196052551269531,1.6341791152954102,1.576613187789917,-4.481292247772217,0.031213680282235146,2010
just_the_way.mp3,0.35780656337738037,2242.543769726944,2439.2202248933013,4897.02319351289,0.09051645439242297,[107.66601562],-81.5141372680664,89.64817810058594,7.099928379058838,19.039905548095703,-5.38829231262207,11.311424255371094,-7.682021617889404,10.110940933227539,-4.0096821784973145,5.71190881729126,-0.740405261516571,0.9051250219345093,-2.9332547187805176,4.133397579193115,-0.06167370453476906,5.993308067321777,2.955475330352783,4.130305767059326,-3.8738574981689453,5.675042152404785,2011
pumped_up_kicks.mp3,0.389179527759552,1665.919646745165,2022.8548824714092,3441.4748897723794,0.0732821430191418,[129.19921875],-201.856689453125,124.23477935791016,-10.534424781799316,15.911609649658203,6.042921543121338,11.373953819274902,-0.8798119425773621,3.2797999382019043,-0.588810920715332,3.8416812419891357,-0.7789947986602783,1.0444477796554565,-1.8878648281097412,-1.2927039861679077,-3.3902649879455566,1.0719016790390015,-1.7406237125396729,3.164628744125366,-2.2006869316101074,2.0038490295410156,2011
born_this_way.mp3,0.46741342544555664,3019.9143914675433,2764.983161229077,6377.248951583403,0.1447578998250748,[123.046875],-20.702346801757812,55.29098129272461,-4.948672294616699,21.074228286743164,8.339940071105957,10.906352996826172,4.275644302368164,9.33608627319336,0.3495234251022339,8.308959007263184,-0.3815324604511261,7.051148414611816,-0.6892671585083008,3.594205617904663,-0.6270094513893127,3.5091891288757324,0.8220199942588806,5.414978504180908,0.036134272813797,6.187131404876709,2011
floor.mp3,0.40547463297843933,2159.298125608104,2416.551779487412,4676.215313309344,0.08134241566692467,[129.19921875],-81.68204498291016,94.78852844238281,1.7956569194793701,21.37352180480957,2.216967821121216,6.589235782623291,3.539259195327759,3.457925319671631,-0.5959545373916626,7.420632839202881,-3.426623821258545,5.539666652679443,-1.473380446434021,2.823373317718506,-0.966795802116394,4.44005012512207,-2.1093902587890625,3.1334943771362305,-1.448056936264038,3.8848376274108887,2011
et.mp3,0.4044857323169708,2689.403150766267,2533.01052256484,5628.457619377186,0.1323890671413856,[151.99908088],-49.28044128417969,63.783443450927734,-7.669910430908203,17.702808380126953,3.0359504222869873,7.729438781738281,0.6345555782318115,8.327593803405762,-2.817293643951416,6.097164630889893,-5.056581497192383,3.6172244548797607,-2.8035049438476562,2.4511027336120605,-1.5644276142120361,2.5580031871795654,-1.4940074682235718,6.4549241065979,0.08443807065486908,3.582210063934326,2011
last_friday.mp3,0.42757993936538696,2628.770536042129,2573.930651892168,5582.8822805099735,0.11710358490652943,[123.046875],-90.65824127197266,77.51740264892578,-7.323861598968506,18.18880844116211,3.7874937057495117,8.109116554260254,2.531975746154785,7.166683197021484,1.7704538106918335,11.248529434204102,-2.6314239501953125,7.530692100524902,2.164494037628174,7.403809547424316,1.4238907098770142,4.511301040649414,0.11112111061811447,3.350290060043335,0.126444473862648,6.822296142578125,2011
just_cant_get_enough.mp3,0.35141322016716003,2079.5291326277757,2290.051182990783,4326.51350818379,0.08554651873089628,[129.19921875],-246.306884765625,89.77399444580078,-2.9829070568084717,20.039365768432617,3.615082263946533,4.469095706939697,-2.1652514934539795,2.4067842960357666,-3.9136576652526855,-0.6781226396560669,-6.435613632202148,-1.1102614402770996,-3.757966995239258,0.8875123858451843,-3.5937657356262207,0.6721373200416565,-2.894956350326538,1.4977401494979858,-2.608229398727417,1.0144078731536865,2011
grenade.mp3,0.38885369896888733,1764.3703170038204,2156.276624217967,3847.206239043109,0.06749154388116739,[112.34714674],-204.30340576171875,97.02349853515625,13.33694076538086,27.805070877075195,5.609804153442383,12.667186737060547,2.5428264141082764,6.414245128631592,1.7472503185272217,3.9689908027648926,-0.8592051267623901,2.252465009689331,-1.6603822708129883,0.5178945064544678,-2.727033853530884,0.6455758213996887,-0.4783160984516144,5.922447204589844,-3.220015048980713,7.0944390296936035,2011
tonight.mp3,0.4319726824760437,2584.7037892264752,2772.4466393627026,5932.641224907959,0.09199386043315468,[123.046875],-46.07373046875,73.11405181884766,11.231789588928223,26.849306106567383,7.137797832489014,14.76926326751709,2.64872670173645,9.750995635986328,-5.619341850280762,3.8085780143737793,-3.586411476135254,6.02554178237915,0.910950243473053,6.290011882781982,-0.9921259880065918,3.2418181896209717,-4.057806968688965,4.57004976272583,-2.2234489917755127,2.2604451179504395,2011
s&m.mp3,0.38674408197402954,2395.6609892718748,2524.913508792391,5143.436923146803,0.09299177870639534,[129.19921875],-62.29201889038086,76.12512969970703,-6.256875514984131,21.58647346496582,4.499279975891113,15.496502876281738,10.187651634216309,5.46160364151001,5.588910102844238,8.31230354309082,-1.8416004180908203,2.220529317855835,-4.279841423034668,4.7739129066467285,-5.694328308105469,5.319423198699951,-0.7926071286201477,2.897934675216675,-1.0754718780517578,5.4455342292785645,2011
rolling_deep.mp3,0.3336465358734131,2169.743881589224,2440.9568052115433,4752.933695337724,0.0889649324298759,[103.359375],-150.4881591796875,93.64864349365234,-0.5534147620201111,24.011981964111328,9.213637351989746,10.644068717956543,2.8115968704223633,8.452710151672363,-1.439239740371704,7.757750988006592,-8.592686653137207,9.913819313049316,-7.695553779602051,9.773059844970703,-3.925748586654663,1.168644666671753,-1.827726125717163,-0.12848898768424988,-3.663602828979492,4.732729911804199,2011
party_rock.mp3,0.4542258679866791,2815.471211779648,2829.0980703787473,6258.979941563079,0.10881898927633901,[129.19921875],-37.52234649658203,69.99089050292969,10.017459869384766,17.119022369384766,4.185227394104004,9.085675239562988,-1.1850266456604004,5.965583801269531,-0.45551034808158875,8.653589248657227,2.12214732170105,6.583300590515137,-0.9689379334449768,3.8563618659973145,-1.6403549909591675,4.43706750869751,-1.871732473373413,5.631563186645508,0.9338210821151733,7.382906913757324,2011
super_bass.mp3,0.36774617433547974,2543.5987157470086,2503.427436063014,5304.427818836875,0.11341576335659535,[129.19921875],-29.479232788085938,80.003662109375,-9.693735122680664,19.944122314453125,-9.144732475280762,7.620915412902832,4.607207775115967,3.910200595855713,0.6254687309265137,8.52869701385498,-4.952873706817627,10.230042457580566,-1.8815991878509521,9.287044525146484,-0.6965414881706238,5.693324089050293,-1.4825983047485352,5.351160049438477,-3.0056440830230713,9.867196083068848,2011
fireworks.mp3,0.3216961920261383,2575.872652551806,2494.4211640830713,5372.7899413188925,0.11953601585018885,[123.046875],-68.59515380859375,73.30441284179688,-11.779016494750977,21.203134536743164,-0.9409835338592529,5.499683856964111,-1.2454460859298706,9.072234153747559,-2.822014808654785,8.845335960388184,-4.174290180206299,-1.6902636289596558,-4.163646221160889,3.434702157974243,-3.6624202728271484,-0.15976406633853912,-5.2747063636779785,-1.5561612844467163,-6.877283573150635,0.15171964466571808,2011
give_me_everything.mp3,0.3815045952796936,2735.9902588308223,2641.9516219138727,5748.717131948363,0.12552621581663845,[129.19921875],-26.429210662841797,70.6590576171875,-6.272462368011475,22.68111801147461,4.5722455978393555,5.611189842224121,-4.603832244873047,0.8259372711181641,-9.572157859802246,1.965102195739746,-7.042296409606934,-0.6811404824256897,-3.418673515319824,0.8103650212287903,-6.77894401550293,2.4403340816497803,-6.8491339683532715,-1.5487470626831055,-4.6520538330078125,-0.9741547107696533,2011
perfect.mp3,0.3481530249118805,3032.1971545416536,2841.6777644001777,6611.2736653045695,0.14590194300035245,[92.28515625],-116.33956146240234,62.90459442138672,0.7747069001197815,18.32265281677246,10.325643539428711,2.600468873977661,1.4025768041610718,1.5719780921936035,0.03873535618185997,8.183570861816406,-5.359931468963623,2.0737946033477783,-1.9076883792877197,4.164525032043457,-1.0732203722000122,1.8473143577575684,-0.9970688223838806,4.504762649536133,-1.6257935762405396,4.348238945007324,2011
whats_my_name.mp3,0.3868092894554138,2268.7452231981433,2328.6147662830563,4711.562848023562,0.10145993787569772,[135.99917763],-36.971431732177734,88.70035552978516,-8.599119186401367,24.605762481689453,-6.71517276763916,7.51483154296875,-1.6872124671936035,0.6658022999763489,0.10870785266160965,6.054297924041748,-6.536248207092285,8.350157737731934,-7.0904412269592285,9.347436904907227,-5.417881965637207,3.198986530303955,-5.283266544342041,3.277714490890503,-6.0075154304504395,4.727168083190918,2011
raise_your_fglass.mp3,0.4185144901275635,3029.0137703504656,2710.9643241987387,6320.661006269258,0.15777215146499557,[123.046875],-56.08861541748047,57.983646392822266,-8.984577178955078,15.652280807495117,8.8532133102417,3.7745473384857178,3.760925054550171,2.881314277648926,-0.8910983800888062,7.377309322357178,-4.439592361450195,2.227530002593994,-2.758059501647949,6.147465705871582,-0.9331228137016296,2.125016212463379,-2.2896926403045654,4.179324150085449,-1.4630804061889648,4.296172142028809,2011
fire_to_rain.mp3,0.3063499331474304,2584.734764609488,2596.5324206594673,5624.044023809662,0.11085185769991213,[107.66601562],-56.3940544128418,72.84800720214844,-6.844995975494385,19.13430404663086,4.971945762634277,7.526273727416992,1.532318115234375,8.673794746398926,0.21501879394054413,11.657144546508789,-1.470068097114563,0.5397533178329468,-5.718695640563965,-1.08258855342865,-3.2661845684051514,-1.4283164739608765,-5.116668224334717,6.52391242980957,-3.3937432765960693,5.380404472351074,2012
one_more_night.mp3,0.3562246263027191,2916.722128000869,2738.27075826247,6172.00444410295,0.1282729198888272,[92.28515625],-26.824264526367188,59.2164421081543,-5.313865661621094,15.247635841369629,-3.338435411453247,5.852298259735107,-6.8216447830200195,4.267584800720215,-2.9485535621643066,4.4605913162231445,-2.556493043899536,2.6355466842651367,-2.99868106842041,-0.5443257093429565,-3.2433626651763916,2.751633405685425,-4.029427528381348,6.876577854156494,-0.13248032331466675,5.930691242218018,2012
call_me_maybe.mp3,0.37025198340415955,2522.701881360994,2417.1832213639245,5226.64324456734,0.1096503596783642,[117.45383523],-113.12773132324219,63.21189498901367,-0.11154884099960327,23.07891082763672,4.832444190979004,5.244812965393066,1.3161166906356812,4.106722831726074,1.0905591249465942,2.77154278755188,-4.620118141174316,1.4772738218307495,-3.445772409439087,1.337467908859253,-1.2364252805709839,6.566582202911377,0.6222450733184814,5.057723522186279,0.8029288053512573,5.139425277709961,2012
starships.mp3,0.3910273015499115,3172.2774063451784,2782.6627830517377,6513.08659842873,0.17108392741691428,[123.046875],-0.008057096973061562,58.92939758300781,-11.86870288848877,10.912524223327637,-4.415456295013428,4.983011245727539,-0.18464981019496918,1.0034396648406982,1.4270758628845215,5.443794250488281,-4.456486701965332,5.415445327758789,-1.1791740655899048,1.7776846885681152,-2.544102430343628,1.1760636568069458,-2.4617812633514404,3.336061954498291,-2.218013048171997,5.758410453796387,2012
what_makes_you_beautiful.mp3,0.4047069251537323,2897.3432718457275,2640.2815097727675,6098.048778613964,0.1467093372122669,[123.046875],-21.727703094482422,67.99827575683594,-12.76322078704834,18.830913543701172,5.055722713470459,7.073200702667236,-4.944208145141602,10.799192428588867,-2.1222493648529053,11.710899353027344,-0.9057304859161377,6.749159812927246,-2.9734067916870117,0.6450048089027405,-3.000216245651245,1.1599270105361938,-4.108796119689941,3.4044415950775146,-3.5557076930999756,2.5717639923095703,2012
what_doesnt_kill_you.mp3,0.36712077260017395,2699.323937020645,2653.168528118661,5803.011046875,0.122314375,[117.45383523],-151.33279418945312,79.8603744506836,-6.868820667266846,12.824081420898438,3.843418836593628,6.0892510414123535,3.87428617477417,5.437673568725586,-0.8116635680198669,4.905769348144531,-4.538806438446045,3.746384620666504,-1.0562760829925537,3.8948142528533936,-2.3325555324554443,0.5961158871650696,-3.7716751098632812,2.115405797958374,-2.7435662746429443,3.719559907913208,2012
somebody_that_i_used_to_know.mp3,0.2604469358921051,1185.3991736496341,1539.0646204330142,2436.789831240622,0.046644771050182346,[129.19921875],-342.68896484375,99.06635284423828,7.6632866859436035,27.86012077331543,7.884795188903809,12.281023979187012,4.644791126251221,3.7916932106018066,-1.7784100770950317,2.7606732845306396,-1.3203288316726685,1.9084910154342651,-5.33333158493042,1.7259856462478638,-1.1202130317687988,1.8134461641311646,-2.533815622329712,0.20581480860710144,-0.9189619421958923,0.9694156050682068,2012
light.mp3,0.3402588367462158,2425.027765800198,2572.0003679465517,5226.323792541979,0.10526582731274622,[117.45383523],-71.18031311035156,89.5420150756836,13.682679176330566,10.430405616760254,-9.470112800598145,0.5446488261222839,6.875553131103516,7.095025539398193,-0.04853711277246475,-3.8355984687805176,-4.760580539703369,-0.8593993782997131,-3.3555967807769775,8.727263450622559,3.0159921646118164,8.299971580505371,-0.7515625357627869,2.0239219665527344,-6.196058750152588,3.0693037509918213,2012
drive_by_lyrics.mp3,0.3959718942642212,2627.046859868247,2604.366017493522,5665.203077997277,0.11003097267277352,[123.046875],-39.85307693481445,67.22988891601562,-0.6723722815513611,25.677047729492188,9.56795883178711,11.794098854064941,1.9107086658477783,11.363839149475098,-2.7235703468322754,4.074948787689209,0.49294745922088623,2.153151512145996,1.6300281286239624,1.5541884899139404,-1.890383005142212,-0.850777268409729,-4.878581523895264,2.0952131748199463,-3.567070245742798,0.5558111071586609,2012
wild_ones.mp3,0.3926813304424286,2517.252159842183,2662.0842725462817,5495.608017150149,0.10303653549863048,[129.19921875],-15.534156799316406,85.41510009765625,-3.0009865760803223,18.0037784576416,5.600104808807373,6.538689613342285,5.2768683433532715,2.576047420501709,1.312379240989685,3.7402114868164062,-3.077277898788452,2.1124937534332275,-3.762434244155884,0.5164958834648132,-2.009810209274292,4.009897708892822,-1.1372754573822021,7.766849994659424,-1.6968399286270142,4.071407318115234,2012
payphone.mp3,0.36212363839149475,2458.798268844015,2457.827132647644,5284.021328069671,0.10338859810257318,[112.34714674],-97.89402770996094,71.4228744506836,-0.810338020324707,20.362497329711914,-0.13667918741703033,12.083979606628418,-2.6660380363464355,9.656074523925781,-1.7803961038589478,5.186628341674805,0.32059192657470703,4.883482933044434,3.51948881149292,3.1959757804870605,0.36205825209617615,4.080724239349365,-6.0158796310424805,1.526370644569397,-5.05785608291626,3.5999889373779297,2012
sexy_and_i_know_it.mp3,0.4768558144569397,3616.013313550338,2977.407220934901,7147.133186713163,0.18306705806764004,[129.19921875],-16.59280014038086,54.00761413574219,13.54166030883789,6.1212029457092285,3.3526597023010254,4.066317558288574,-5.567249774932861,6.42286491394043,-4.263260364532471,9.620311737060547,-2.0494697093963623,7.759264945983887,1.4746365547180176,6.881046772003174,5.280356407165527,8.408860206604004,1.1051357984542847,9.631381034851074,0.04990130290389061,3.3026185035705566,2012
we_found_love.mp3,0.34531086683273315,2767.983649376677,2603.792591268193,5776.723084611619,0.1246159024151436,[129.19921875],-87.00981903076172,60.75004577636719,-14.102367401123047,10.876282691955566,-0.6750009655952454,7.3620758056640625,0.8013290166854858,1.7866225242614746,0.9518159627914429,2.3124454021453857,-7.459843158721924,-0.03970172628760338,-8.037517547607422,1.5624586343765259,-3.3876144886016846,4.114087104797363,-2.5548689365386963,1.4488593339920044,-2.8871500492095947,7.552044868469238,2012
good_feeling.mp3,0.4180715084075928,2528.8378017564464,2447.1514874028053,5269.5546827190965,0.11643694004713133,[129.19921875],-62.44266891479492,73.01872253417969,-14.594538688659668,14.91506290435791,4.043235778808594,2.7883689403533936,-1.1614501476287842,3.8675007820129395,-8.424819946289062,1.96754789352417,-5.2157745361328125,1.0415410995483398,-3.087347984313965,-0.36792460083961487,-2.069091558456421,1.9631341695785522,-5.194098472595215,3.118513822555542,-2.6849205493927,0.8216918110847473,2012
motto.mp3,0.5154577493667603,2574.353561430126,2664.344607658224,5586.802742146055,0.08682592887536314,[99.38401442],-122.61776733398438,66.62519073486328,9.185074806213379,24.594430923461914,20.204240798950195,17.518001556396484,0.48603442311286926,13.834707260131836,2.3325018882751465,9.911069869995117,1.9392286539077759,10.057421684265137,1.3119076490402222,7.394399642944336,1.4839524030685425,6.525562286376953,0.864885151386261,6.823049068450928,-0.9421977996826172,4.350395202636719,2012
glad_you_came.mp3,0.3906342089176178,2794.1253669951925,2770.5244762045722,6240.910888643257,0.11631058556661002,[129.19921875],-90.76277160644531,64.8467025756836,8.489331245422363,15.858195304870605,12.312265396118164,18.913549423217773,0.2652641832828522,10.09569263458252,2.4695537090301514,7.092044353485107,0.8991175889968872,6.020407199859619,-3.1151256561279297,6.0757012367248535,-0.49084776639938354,0.9894004464149475,-1.2795137166976929,6.773996353149414,-3.7095980644226074,2.9968650341033936,2012
wide_awak.mp3,0.34401118755340576,2317.0854906762206,2369.844390024276,4777.057529872971,0.10940700532568619,[161.49902344],-58.321205139160156,87.49645233154297,-5.2564005851745605,21.215761184692383,3.2033865451812744,6.293750762939453,-1.6550805568695068,1.7563945055007935,-6.594447612762451,7.5628767013549805,-9.231636047363281,0.7949742078781128,-6.958298683166504,-0.867592453956604,-4.7301459312438965,-1.251615047454834,-3.141874313354492,2.3479790687561035,-1.0946186780929565,4.426084041595459,2012
fun.mp3,0.38265010714530945,2036.624571432511,2291.5233521475293,4261.366699487874,0.08388349822880305,[92.28515625],-65.71806335449219,102.08415985107422,-7.728921413421631,25.227766036987305,5.778420448303223,10.908790588378906,8.464006423950195,5.080448150634766,1.2654098272323608,10.217812538146973,-1.685738444328308,4.003918647766113,-4.971095561981201,2.7322776317596436,-1.9560813903808594,2.567262887954712,-5.213385581970215,2.7477924823760986,-6.493439197540283,0.06382321566343307,2012
whistle.mp3,0.3927144706249237,2890.496676490486,2680.626077324434,6108.064413907567,0.13221077869360437,[103.359375],-130.1118621826172,60.527931213378906,-3.0102736949920654,17.834863662719727,10.261443138122559,9.80684757232666,-2.923067092895508,8.56689453125,-7.507842540740967,4.09991455078125,-1.975493311882019,1.2367435693740845,-1.6790574789047241,1.4372949600219727,-2.323798894882202,1.2699321508407593,-7.137947082519531,-0.0190922562032938,-4.766784191131592,-1.55767023563385,2012
ho_hey.mp3,0.3476834297180176,1710.3427464545114,2108.133599443552,3568.420295971801,0.07021886875182695,[161.49902344],-137.7992401123047,119.33045196533203,-2.922201633453369,18.285493850708008,-1.1291372776031494,2.9963455200195312,1.2710109949111938,1.886985421180725,-1.990520715713501,5.1556830406188965,-3.7278871536254883,-1.9282878637313843,-8.048944473266602,-1.6163376569747925,-5.020642280578613,-5.229123592376709,-8.130261421203613,-0.14629554748535156,-5.126324653625488,2.1228737831115723,2013
wrecking_ball.mp3,0.29072245955467224,2421.72069112581,2493.4080077423273,5074.869448765177,0.10521777752090704,[117.45383523],-85.84709930419922,81.37012481689453,-2.7366721630096436,15.833675384521484,-7.303435325622559,-3.398646354675293,-2.4288291931152344,-4.951870441436768,-3.1309351921081543,-1.624045968055725,-12.197789192199707,-0.10490940511226654,-9.782563209533691,4.974564075469971,-4.982007026672363,3.8576724529266357,-0.5057591795921326,-0.37216806411743164,-3.3536975383758545,3.008918046951294,2013
locked_out_of_heaven.mp3,0.3461250960826874,2106.418807961434,2336.1945316420165,4549.496735153096,0.08837144261620361,[143.5546875],-88.9204330444336,92.98268127441406,0.026878422126173973,23.42279624938965,2.560093402862549,12.495229721069336,0.1949177235364914,8.747446060180664,6.879667282104492,9.883838653564453,1.7462403774261475,5.582435131072998,-2.595627546310425,0.36138156056404114,0.9592790007591248,5.02984094619751,1.237911343574524,2.759539842605591,-4.595061302185059,2.152712106704712,2013
wake_me_up.mp3,0.3975747525691986,2594.3292038616983,2575.0596185046165,5606.671729205377,0.12081149269169514,[123.046875],-44.017738342285156,76.43019104003906,-6.761934757232666,17.851482391357422,7.271138668060303,10.346643447875977,-2.2268788814544678,7.212610244750977,-7.978006362915039,4.201247215270996,-3.652761459350586,1.1859437227249146,1.384839415550232,-0.6900836229324341,-6.354325771331787,7.51765251159668,-9.013596534729004,-1.555954098701477,-7.559989929199219,-1.6907249689102173,2013
blurred_lines.mp3,0.42416277527809143,2253.4248230639128,2634.3420201397034,5138.863816269255,0.08102975198042102,[117.45383523],-139.99635314941406,85.10636901855469,16.14757537841797,14.668132781982422,10.451825141906738,8.030000686645508,-5.75167989730835,7.4796223640441895,1.5958918333053589,2.8062093257904053,-3.2969844341278076,5.702912330627441,-0.028885943815112114,1.9569919109344482,0.5797169804573059,6.833080291748047,-7.69392728805542,2.9797253608703613,-1.1135706901550293,1.4563512802124023,2013
mirros.mp3,0.37191957235336304,2016.9359098528155,2126.721227088935,4075.43143444692,0.09259239069374142,[151.99908088],-97.74698638916016,100.76657104492188,-12.929930686950684,28.053503036499023,-3.5400757789611816,4.753945350646973,-3.332991600036621,8.428535461425781,-2.850701093673706,4.391964435577393,0.2639222741127014,3.458589553833008,-4.30375862121582,-0.8734973073005676,1.6897680759429932,4.194561958312988,0.0998600646853447,7.309975624084473,-0.7880944609642029,3.5983285903930664,2013
suit_tie.mp3,0.44459202885627747,1851.3785802137415,2272.192349355083,3895.1366290909273,0.06233710217479246,[103.359375],-82.11971282958984,105.1256103515625,3.422426462173462,23.1555118560791,11.092677116394043,10.25772476196289,3.388404369354248,11.49878978729248,1.1216627359390259,9.475502967834473,1.0913691520690918,1.094100832939148,-3.8284385204315186,5.10205602645874,1.958095908164978,7.552951812744141,3.109403133392334,7.0205464363098145,1.0942429304122925,3.7924554347991943,2013
radioactive.mp3,0.37448665499687195,1916.8962794808272,2071.736005293032,3966.900172022351,0.08913304903679116,[135.99917763],-39.52174758911133,109.39029693603516,-17.844106674194336,27.586698532104492,-3.6893703937530518,8.839110374450684,-7.026537895202637,11.347701072692871,-7.354310035705566,5.614439487457275,-4.222375392913818,5.536441326141357,-2.5452628135681152,5.158204555511475,-3.693772315979004,4.449434757232666,-7.565176963806152,1.0816444158554077,-3.4526355266571045,1.8250737190246582,2013
when_your_man.mp3,0.24983662366867065,1559.6408005701164,1862.233129651562,2905.2224189397643,0.0684477775116572,[143.5546875],-197.34695434570312,124.8722152709961,-6.461824417114258,4.101834297180176,0.6035281419754028,-7.655826091766357,-11.216568946838379,-10.291120529174805,-13.419408798217773,-3.5316476821899414,-9.83854866027832,-10.471994400024414,-9.85671615600586,-7.3942461013793945,-7.812945365905762,-7.965315818786621,-10.134350776672363,-7.663074970245361,-12.749512672424316,0.8516928553581238,2013
cant_stop.mp3,0.38408082723617554,2904.3860316543537,2760.9741840073625,6260.542442649235,0.12656789590527873,[161.49902344],-70.44486236572266,59.71555709838867,-2.830106496810913,19.30138397216797,-0.6377834677696228,6.395994663238525,2.8349831104278564,5.125965118408203,3.515012264251709,8.199311256408691,-2.1290624141693115,8.466562271118164,-4.509965419769287,7.540396690368652,-3.9250993728637695,2.382140636444092,-0.8591607213020325,1.5330331325531006,-4.792734622955322,3.222597360610962,2013
harlem_shake.mp3,0.4998878538608551,2834.5121719770527,2735.113957254158,6137.859057062712,0.09198208118707563,[135.99917763],-45.344818115234375,58.307830810546875,-0.7268645763397217,30.85283088684082,1.8593765497207642,6.9438629150390625,-5.228413105010986,5.406374931335449,-6.04044771194458,5.154144287109375,-5.000762462615967,6.344580173492432,-4.988320827484131,3.267362356185913,-5.503032684326172,0.20338627696037292,-4.115055561065674,3.799522876739502,-1.2902209758758545,7.735341548919678,2013
i_knew_trouble.mp3,0.37315303087234497,2722.5548424796934,2622.9475440912433,5613.99381720519,0.12744920759046663,[103.359375],-112.07565307617188,69.11618041992188,-7.650633811950684,25.4902286529541,4.674734115600586,3.4892992973327637,9.607242584228516,2.695303201675415,4.963780403137207,3.7054672241210938,-9.956476211547852,7.0860795974731445,-6.358424186706543,4.204453945159912,-2.4034640789031982,4.258718967437744,1.198864459991455,2.9861340522766113,2.509049654006958,4.955003261566162,2013
roar.mp3,0.392442911863327,2236.5926345594958,2333.606544388083,4721.094675872806,0.08666960260851524,[89.10290948],-77.781005859375,86.2166519165039,-11.363266944885254,29.327672958374023,1.290908694267273,8.173754692077637,5.304032802581787,12.022269248962402,3.71687650680542,9.384889602661133,-3.84379243850708,4.97379732131958,-2.0232489109039307,3.4663405418395996,1.540950059890747,3.0273544788360596,0.8146788477897644,2.840630531311035,-2.894411563873291,3.133326530456543,2013
give_me_reason.mp3,0.37468934059143066,1772.1158076153104,2094.3917102416203,3659.6658425515125,0.07950865739637923,[95.703125],-131.07891845703125,114.91824340820312,-0.13442571461200714,20.201642990112305,9.70402717590332,3.9382927417755127,9.694422721862793,6.189451694488525,-0.5180925726890564,5.978975296020508,-7.074855804443359,4.289860725402832,-3.2533137798309326,4.51332426071167,-2.95686411857605,-0.045191384851932526,-2.54477858543396,4.243975639343262,-1.7108134031295776,1.9137872457504272,2013
cant_hold.mp3,0.3937007188796997,2390.4907172086323,2446.222135290395,4969.742868490402,0.10270863077540167,[143.5546875],-21.234920501708984,88.86083984375,-14.204833030700684,18.882463455200195,2.9155375957489014,4.400974273681641,-4.465188026428223,7.176466941833496,-4.93715238571167,9.175460815429688,1.3859483003616333,5.009012222290039,2.501542329788208,3.537334680557251,-0.44057294726371765,4.074225902557373,-5.802502632141113,3.761915445327759,-1.910000205039978,3.449434280395508,2013
stay.mp3,0.2854273021221161,1245.7788262609024,1650.4491231033185,2347.171143144139,0.05636063683346213,[112.34714674],-168.87376403808594,160.41177368164062,3.4515485763549805,7.154852390289307,4.8173980712890625,-5.4909348487854,3.3714005947113037,-6.002274036407471,-3.139974355697632,-3.7341625690460205,-10.7285795211792,-1.7857394218444824,-9.335251808166504,-0.9917307496070862,-9.869994163513184,-4.799621105194092,-9.059647560119629,-5.907766342163086,-4.8080949783325195,1.9547992944717407,2013
line_cruise.mp3,0.38455531001091003,2727.7217293050307,2534.4136417361246,5585.339670610554,0.1447816934610823,[143.5546875],9.43155574798584,74.9184341430664,-14.567140579223633,19.553939819335938,-2.198185682296753,9.438642501831055,-3.5572431087493896,5.736027717590332,-1.8814295530319214,2.718526601791382,-3.4941678047180176,4.333263397216797,-6.481604099273682,1.002100944519043,-4.361616611480713,2.1707701683044434,-5.194920539855957,-0.46716687083244324,-6.469513893127441,-1.3847953081130981,2013
thrift_shop.mp3,0.41918814182281494,2720.5746484236406,2524.2241808254207,5530.6585196962715,0.11359576318373407,[95.703125],-86.67193603515625,66.00694274902344,-7.408448696136475,12.673864364624023,0.08469757437705994,8.086377143859863,-4.297090530395508,4.612087249755859,-2.215501308441162,4.837651252746582,0.6625403761863708,8.235812187194824,0.5940257906913757,4.6368913650512695,2.3076119422912598,7.768675327301025,0.10385987162590027,5.608946323394775,-0.39191269874572754,2.1990163326263428,2013
get_lucky.mp3,0.4288580119609833,2154.215643745582,2621.1109434212635,5055.576861427152,0.0750362352895541,[117.45383523],-131.1624298095703,92.16053009033203,15.998749732971191,32.03016662597656,16.983734130859375,11.608061790466309,1.4033855199813843,6.444344997406006,0.5421028733253479,5.7011919021606445,-1.9632587432861328,3.4688634872436523,-4.303571701049805,3.3934202194213867,-1.330018162727356,3.5901286602020264,-2.2726075649261475,5.129025459289551,-1.2833406925201416,3.866886854171753,2013
talk_dirty.mp3,0.46798980236053467,2708.5324007484737,2566.9343798706986,5565.623378413238,0.12208139282413309,[99.38401442],-71.37955474853516,64.71417999267578,-14.045747756958008,16.5263671875,0.21235793828964233,1.844923496246338,-6.171597957611084,4.951090335845947,-3.9020798206329346,7.740305423736572,-4.442751407623291,2.385056972503662,-3.2253036499023438,5.909083843231201,-1.8831901550292969,5.544444561004639,-1.1766870021820068,3.4590322971343994,-2.5877864360809326,1.8968095779418945,2014
timber.mp3,0.39978164434432983,2746.253248224264,2592.6142839848,5738.3464547667945,0.1293794412308881,[129.19921875],-28.54057502746582,65.24177551269531,-8.300895690917969,16.884437561035156,0.21710854768753052,6.261910438537598,3.0386931896209717,3.4836320877075195,-1.4639441967010498,5.510508060455322,-5.627911567687988,4.4116597175598145,-2.4146106243133545,0.4194038212299347,-1.1217378377914429,4.088562488555908,-2.4354028701782227,1.2585960626602173,-3.6670432090759277,3.298537015914917,2014
problem.mp3,0.38851892948150635,2634.0238812233742,2635.0731422000144,5518.798977062463,0.10960856898549641,[103.359375],-70.65019989013672,70.42900848388672,-7.3094658851623535,17.586591720581055,1.8898471593856812,3.0635719299316406,4.636363506317139,1.7471719980239868,4.80369758605957,11.071971893310547,-5.842745780944824,5.127155780792236,-3.0092227458953857,5.647312164306641,2.7000551223754883,4.8543806076049805,-0.8216038346290588,3.4665534496307373,-1.6311966180801392,2.4690423011779785,2014
pompeii.mp3,0.40486598014831543,2122.2871352329717,2337.1645068098524,4387.012709726707,0.0880002411457814,[129.19921875],-173.26536560058594,97.06388092041016,-7.69582986831665,18.579721450805664,8.475529670715332,4.751693248748779,2.9169795513153076,4.789971828460693,-7.529537200927734,5.215583801269531,1.248882532119751,3.8456320762634277,4.4549970626831055,1.498850703239441,-0.6142622232437134,5.413559436798096,-6.352199077606201,-2.006744384765625,-0.25820955634117126,-1.9285552501678467,2014
monster.mp3,0.4106065332889557,2690.397904774781,2590.4376328142184,5487.956640318528,0.12367387968432712,[112.34714674],-33.55351257324219,75.53076934814453,-9.2738676071167,21.473445892333984,10.508391380310059,3.752389669418335,2.3527371883392334,6.584238052368164,0.3243899345397949,6.332738876342773,-3.6080713272094727,4.037049293518066,-7.576902866363525,4.009042263031006,-5.824052333831787,3.8028478622436523,-1.0440142154693604,1.8473623991012573,-3.344050645828247,1.998355746269226,2014
say_something.mp3,0.269917368888855,1413.168931640008,1659.6800541810717,2648.5471315742984,0.0682587913922311,[135.99917763],-229.93515014648438,121.81095123291016,4.478682994842529,17.754322052001953,0.28458213806152344,-0.24203680455684662,-1.571189522743225,-3.6638782024383545,-7.716550827026367,-0.14181475341320038,-10.357855796813965,-6.453983306884766,-9.668061256408691,-9.497843742370605,-10.723442077636719,-10.355525016784668,-12.127217292785645,-7.249885559082031,-10.46021842956543,-6.4654974937438965,2014
royals.mp3,0.41536152362823486,1605.7100668195412,2002.271410216327,3353.149649378765,0.05584940207257602,[86.1328125],-175.0156707763672,93.52587890625,11.489250183105469,32.592010498046875,13.449729919433594,8.853196144104004,10.024835586547852,8.557073593139648,8.293105125427246,5.282388687133789,7.196801662445068,7.90932559967041,0.880703866481781,7.3805766105651855,-0.3616454601287842,2.7664783000946045,-0.37260082364082336,5.380619525909424,1.6588802337646484,6.2387590408325195,2014
all_about_bass.mp3,0.41403692960739136,2164.7497068955367,2284.677276543003,4566.09032910741,0.09009448418214591,[135.99917763],-63.59123992919922,96.38729858398438,-3.7102231979370117,25.40300750732422,-4.461758613586426,11.319740295410156,-0.039962563663721085,0.23759303987026215,-0.719108521938324,6.227446556091309,0.8306231498718262,4.15989875793457,0.11094531416893005,4.389208793640137,-5.3731160163879395,6.1760993003845215,-1.8021695613861084,0.2595203220844269,-4.208198070526123,0.3456973433494568,2014
counting_stars.mp3,0.38519272208213806,2282.3613649227855,2502.15943990896,5038.727803997437,0.09405229868465526,[123.046875],-48.706787109375,90.7194595336914,3.836603879928589,27.444683074951172,1.321709156036377,11.462076187133789,0.859836757183075,2.72432017326355,-6.947309494018555,6.88471794128418,-3.927022933959961,3.7396881580352783,-5.3712897300720215,2.3556697368621826,-0.8232536911964417,-0.3540183901786804,-4.580801010131836,3.204774856567383,-3.318258762359619,2.507995128631592,2014
turn_down.mp3,0.5234559178352356,2873.46938692163,2740.686746751514,6077.057098083464,0.11060764892394344,[99.38401442],-66.8406753540039,52.15721893310547,-1.8510676622390747,14.137187004089355,12.843160629272461,19.671571731567383,7.093338489532471,14.157332420349121,5.04282283782959,6.563308238983154,3.539412498474121,5.948183536529541,-1.1862473487854004,4.089303970336914,-1.0354267358779907,2.0730388164520264,-0.5756965279579163,4.824753284454346,1.5677590370178223,5.158741474151611,2014
all_of_me.mp3,0.22758392989635468,1867.7414894702658,2106.471543880582,3868.2039060881166,0.07948704769736842,[123.046875],-150.50901794433594,104.28297424316406,-4.232304096221924,8.24483585357666,-8.921042442321777,-6.451910018920898,-21.15189552307129,-9.448851585388184,-22.901784896850586,-8.327753067016602,-10.491683006286621,-8.68183422088623,-13.540409088134766,-7.9448347091674805,-7.486449718475342,-2.8890206813812256,-13.353771209716797,-0.8772059679031372,-0.37448635697364807,-0.7736771106719971,2014
fancy.mp3,0.4388470947742462,2816.6988590316546,2477.944861128996,5509.938700362743,0.14501706574908194,[95.703125],-69.59480285644531,66.99620056152344,-12.291163444519043,22.84648895263672,4.501242637634277,6.392026901245117,3.7638700008392334,4.245116233825684,4.047657489776611,12.767141342163086,-0.764975368976593,10.761722564697266,1.7029426097869873,5.851565361022949,-0.2081231325864792,4.755733013153076,-0.23722673952579498,5.992096900939941,0.05775180459022522,8.5197172164917,2014
stay_with_me.mp3,0.3591133654117584,1296.6335315542435,1785.023314124328,2614.9838516981804,0.0476561982135755,[86.1328125],-128.78330993652344,138.85186767578125,11.116446495056152,18.442893981933594,8.26484489440918,15.404717445373535,5.231118679046631,8.933393478393555,1.7973357439041138,3.087435007095337,2.0811715126037598,1.9805889129638672,2.9855268001556396,3.650773048400879,0.741370677947998,6.3893561363220215,-7.091630935668945,3.1500191688537598,-3.300089120864868,0.4868188202381134,2014
rude.mp3,0.3538084328174591,2136.0806196804438,2228.8129986254644,4470.800330405376,0.09304295288782269,[143.5546875],-94.97740173339844,85.23172760009766,-9.985560417175293,22.2596378326416,8.006797790527344,6.489673137664795,-3.2278828620910645,6.652606964111328,-6.234297752380371,10.334633827209473,-7.993886470794678,7.235800266265869,-3.881770133972168,0.5765944123268127,-0.7205981612205505,-1.965638518333435,-7.700331687927246,4.669593334197998,-2.23003888130188,-1.933674931526184,2014
shake_off.mp3,0.4305407702922821,2677.971726504527,2596.323263927555,5515.145832596861,0.1279908147153092,[161.49902344],-39.850589752197266,75.37055969238281,-12.39468765258789,15.916070938110352,3.6254498958587646,8.129056930541992,4.466214656829834,4.884740829467773,2.2637174129486084,6.299604892730713,-4.365609169006348,7.2287187576293945,-2.1087827682495117,7.2650675773620605,0.3768598437309265,4.47479248046875,0.9575161933898926,3.510167121887207,-1.7240384817123413,3.1175787448883057,2014
let_her_go.mp3,0.3274484872817993,2022.592926452222,2348.407823290608,4379.495090200233,0.07598735740681234,[151.99908088],-124.26112365722656,95.9714126586914,10.395339965820312,25.08469009399414,7.307355880737305,5.05499267578125,1.0127731561660767,2.040091037750244,-4.956609725952148,-1.0133755207061768,-8.852296829223633,-4.380878448486328,-5.189396381378174,-1.6742773056030273,-8.976309776306152,-3.3216006755828857,-6.148610591888428,0.28710493445396423,-5.00147819519043,-1.9298179149627686,2014
dark_horse.mp3,0.42589282989501953,2012.3787288093974,2407.3576839799034,4425.506687718649,0.06574057916778794,[129.19921875],-77.30783081054688,95.4239273071289,1.7665332555770874,22.553897857666016,12.123418807983398,12.011445045471191,0.48734357953071594,9.672158241271973,4.721370220184326,6.633310317993164,-2.388725519180298,8.475990295410156,1.9289281368255615,9.414761543273926,2.1432712078094482,4.891946792602539,0.020919330418109894,-1.3678685426712036,-2.9224889278411865,5.108537197113037,2014
am_i_wrong.mp3,0.3600904941558838,2080.201080542306,2301.9462215398207,4417.695746759118,0.09195477726671362,[117.45383523],-99.68832397460938,92.87956237792969,-6.762339115142822,17.815837860107422,6.788871765136719,7.65330171585083,-3.322148323059082,6.027314186096191,-3.931485176086426,2.444406032562256,-1.2787489891052246,1.6057192087173462,-4.2457709312438965,1.5926547050476074,-5.469356536865234,0.16713206470012665,-7.015307903289795,0.26542070508003235,-2.822547674179077,0.7360213994979858,2014
team.mp3,0.38370633125305176,2153.887083847621,2383.3502191987914,4601.889015319716,0.08617444216252221,[99.38401442],-112.80839538574219,86.54917907714844,9.731276512145996,24.957571029663086,0.8999354839324951,9.144292831420898,-3.181570291519165,5.965567111968994,-1.3655221462249756,6.273477077484131,-2.3672680854797363,0.9807196855545044,0.7458857297897339,2.9852287769317627,1.3778862953186035,3.022298812866211,2.9121603965759277,4.673309326171875,0.8980258107185364,6.856515407562256,2014
happy.mp3,0.3733266294002533,2785.753109894065,2995.210880728803,6584.928178490107,0.11247516881281407,[161.49902344],-70.01604461669922,76.44999694824219,27.532289505004883,19.543804168701172,12.685445785522461,-0.52318274974823,-5.194494724273682,7.098727226257324,-2.863191843032837,-1.0942473411560059,-7.815622806549072,5.0591559410095215,-7.508172035217285,-0.5943623185157776,-1.0797439813613892,0.877515435218811,-5.0337724685668945,4.492797374725342,-1.8704911470413208,5.614442348480225,2014
bad_blood.mp3,0.42325618863105774,2351.103667711123,2618.919700711803,5277.865344720358,0.08833802858711225,[89.10290948],-134.1417694091797,76.0297622680664,13.046073913574219,25.87510108947754,4.518491744995117,9.369284629821777,5.257854461669922,7.2028045654296875,3.490405797958374,7.5896077156066895,-2.0846664905548096,4.476282596588135,-1.1205967664718628,5.212758541107178,-1.684524416923523,4.633711814880371,-0.6210675835609436,3.1318771839141846,-1.8185944557189941,2.7248594760894775,2015
blank_space.mp3,0.38413527607917786,2636.9425200766836,2541.1036190352006,5378.797258303686,0.12342427127751884,[95.703125],-105.09180450439453,73.40084838867188,-1.8799924850463867,23.269906997680664,-4.014613628387451,0.28070342540740967,2.519562244415283,2.3445773124694824,3.0258638858795166,7.413651943206787,-6.081943035125732,3.619978427886963,-6.119349479675293,3.9742064476013184,-4.618302345275879,2.240572929382324,0.13996732234954834,4.052905082702637,1.1981759071350098,9.610618591308594,2015
lean_on.mp3,0.4224076569080353,2632.1042688565885,2519.292126591184,5519.631031917636,0.10797094575898847,[129.19921875],-64.10627746582031,74.5281753540039,-3.768096685409546,15.349560737609863,-0.336091548204422,21.32670021057129,4.190694808959961,11.381101608276367,7.4535417556762695,9.455169677734375,-4.69788122177124,-0.3610248267650604,-7.371706962585449,2.7610888481140137,-4.927900314331055,4.830891132354736,-0.5763401985168457,2.960881471633911,-1.419237732887268,5.16322135925293,2015
shut_up_dance.mp3,0.41703367233276367,2750.1091865271237,2603.5077079784896,5755.265048601489,0.124776634301755,[129.19921875],-4.98712682723999,69.67144012451172,-5.0457305908203125,29.462379455566406,1.0272637605667114,14.345646858215332,0.6057634949684143,6.962883949279785,-0.41045379638671875,8.594589233398438,-0.16273517906665802,7.410998821258545,-1.7121697664260864,5.853046894073486,-2.0931663513183594,6.012568950653076,-2.542783498764038,6.373315811157227,0.19708828628063202,1.5739799737930298,2015
want_want_me.mp3,0.3872394561767578,2822.7562973866866,2717.4009339200975,5984.192687698098,0.11848442452456419,[112.34714674],-50.22783660888672,66.08806610107422,3.771984577178955,25.477676391601562,3.3865513801574707,12.954598426818848,3.1964821815490723,10.389501571655273,-0.7406317591667175,8.297952651977539,1.2085820436477661,3.596693992614746,-0.21142283082008362,6.421469211578369,-2.496037244796753,3.445155620574951,-4.668048858642578,3.0168135166168213,-2.642866373062134,2.1913723945617676,2015
cant_feel_face.mp3,0.36863163113594055,2266.6949534050405,2540.6355307794147,5035.395522870089,0.084700960445688,[107.66601562],-68.9736328125,90.34984588623047,16.30821990966797,20.022172927856445,5.270300388336182,10.483765602111816,2.9280571937561035,10.950530052185059,-1.7163395881652832,9.59455394744873,-0.10756676644086838,3.5856564044952393,-3.7228410243988037,6.59383487701416,-1.728948950767517,5.1173248291015625,-2.01840877532959,1.7003706693649292,-5.823178291320801,2.214839220046997,2015
where_you_now.mp3,0.34952959418296814,2424.702822440556,2639.6009470857725,5560.366107047872,0.07782650845940407,[135.99917763],-160.46414184570312,80.47777557373047,11.761696815490723,22.31304359436035,-0.04021068289875984,0.2742028534412384,0.9359514713287354,7.082479953765869,1.2761123180389404,10.957419395446777,-3.429630994796753,1.5997377634048462,-4.6705756187438965,3.4265196323394775,1.3610221147537231,3.291572093963623,0.6675001382827759,6.401283264160156,-2.882723808288574,0.7989595532417297,2015
shake_off.mp3,0.4305407702922821,2677.971726504527,2596.323263927555,5515.145832596861,0.1279908147153092,[161.49902344],-39.850589752197266,75.37055969238281,-12.39468765258789,15.916070938110352,3.6254498958587646,8.129056930541992,4.466214656829834,4.884740829467773,2.2637174129486084,6.299604892730713,-4.365609169006348,7.2287187576293945,-2.1087827682495117,7.2650675773620605,0.3768598437309265,4.47479248046875,0.9575161933898926,3.510167121887207,-1.7240384817123413,3.1175787448883057,2015
earned_it.mp3,0.31354522705078125,1963.982469883461,2303.3125928378136,4298.827728096711,0.08174299898681416,[123.046875],-178.48342895507812,108.93885040283203,6.09904670715332,16.488182067871094,5.352545738220215,2.0853724479675293,0.13315555453300476,6.977176666259766,-7.941370964050293,9.168349266052246,-2.6288275718688965,3.235387086868286,-4.61233377456665,0.9070401787757874,-8.24705696105957,2.0398976802825928,-0.5149075388908386,4.563413619995117,-2.6943349838256836,4.7919440269470215,2015
cheerleader.mp3,0.3960159122943878,1691.8278524795155,2136.776373184607,3566.3376969831356,0.05594939948240669,[117.45383523],-146.33895874023438,114.26253509521484,1.4989750385284424,18.07369041442871,4.533812046051025,5.620174407958984,-0.48397961258888245,7.636908054351807,-2.819624185562134,5.436249256134033,1.5010004043579102,5.460879802703857,-1.8341419696807861,0.21747367084026337,-0.5378568768501282,3.5837173461914062,-2.6682467460632324,1.799826979637146,-6.433727264404297,0.2810359299182892,2015
thinking_loud.mp3,0.3279293477535248,1777.2442723630948,2127.5095802303863,3742.3071287072603,0.07020182185538756,[161.49902344],-136.37762451171875,105.2691879272461,10.981484413146973,32.41481399536133,12.754714965820312,11.315281867980957,-3.552467107772827,5.384620189666748,-3.9294252395629883,4.321715831756592,-3.797166585922241,1.9099674224853516,-5.801863670349121,-2.15384840965271,-3.9497082233428955,-0.4217579960823059,-4.49576473236084,1.4768985509872437,-3.6696438789367676,3.011640787124634,2015
uptown_funk.mp3,0.4838661551475525,2723.9665193865244,2547.374447666857,5515.398203897819,0.1421847733866478,[117.45383523],-75.20462036132812,70.4977035522461,-10.447138786315918,18.54537010192871,0.4510815441608429,15.42904281616211,0.17607606947422028,7.280962944030762,0.1116788312792778,5.690398693084717,3.9144198894500732,7.495861530303955,-0.5281665325164795,5.705021858215332,-1.4763808250427246,3.0521562099456787,-3.421949625015259,2.9368438720703125,-2.82304310798645,4.742575645446777,2015
see,you,again,lyrics.mp3,0.32241904735565186,1816.2210458803686,2151.712599129326,3793.6035328683092,0.06601970427429119,[161.49902344],-153.43125915527344,103.18624877929688,10.574466705322266,17.28864097595215,0.43494006991386414,10.687314987182617,-2.7677366733551025,2.4899179935455322,-2.555553436279297,1.548696756362915,-0.22145771980285645,0.2998347282409668,-2.8545539379119873,6.145834445953369,-0.6421576142311096,3.0593273639678955,-1.5261690616607666,2.630875587463379,-3.2432901859283447,3.1371116638183594,2015
watch_me.mp3,0.3859613537788391,2583.2900513900045,2328.3541946850887,4915.976495870478,0.12655787364830073,[143.5546875],-128.155029296875,64.92543029785156,-32.18990707397461,8.379253387451172,-10.239416122436523,-16.876453399658203,-9.627420425415039,-13.272688865661621,-10.934507369995117,1.2535340785980225,-9.11154556274414,3.6700432300567627,-4.996569633483887,-1.0575151443481445,-0.07747168838977814,4.001803398132324,-4.618650913238525,7.815054416656494,-0.18038791418075562,2.23671555519104,2015
take_church.mp3,0.34663352370262146,1593.9520552825472,1976.8140409526127,3284.8708736570857,0.06671577033835129,[129.19921875],-73.85712432861328,134.06906127929688,-1.187564730644226,21.33928871154785,10.366597175598145,5.412009239196777,-6.16695499420166,6.4217681884765625,-11.493416786193848,7.754860877990723,-7.163252353668213,1.322328805923462,-0.2714742124080658,-3.9458649158477783,-6.663008689880371,6.108099937438965,-11.457796096801758,-0.7552542090415955,-1.103169322013855,-0.9252436757087708,2015
the_hills.mp3,0.38185667991638184,1844.688703104209,2128.865833722651,3858.295279489437,0.06762103498970011,[112.34714674],-109.76049041748047,109.64485931396484,-4.212684154510498,13.251242637634277,-2.5844991207122803,-1.7362381219863892,-0.8545015454292297,-0.6820948719978333,-11.092752456665039,2.6957204341888428,-1.783382534980774,-0.772404134273529,-3.5447311401367188,3.414597749710083,-6.340066432952881,-0.7613123655319214,-5.281386375427246,-1.028994083404541,-3.6328184604644775,3.096102714538574,2015
fight_song.mp3,0.35392409563064575,2597.720358191811,2641.8742291310823,5515.467310695034,0.12042681001760766,[117.45383523],-74.3936767578125,86.12281799316406,4.7671637535095215,8.077079772949219,2.7537055015563965,4.902892589569092,8.038887977600098,-0.919625997543335,3.311706781387329,8.955859184265137,-5.259202480316162,6.086366653442383,-2.883251667022705,2.3537187576293945,2.6197171211242676,7.438683986663818,2.1912782192230225,7.613134860992432,-0.4501841962337494,4.70025110244751,2015
trap_queen.mp3,0.3624054193496704,3407.47266181328,2852.162392880406,6877.700597556866,0.17097509945734418,[99.38401442],-92.1004409790039,48.370140075683594,-4.976625442504883,1.2804365158081055,-5.73176383972168,5.378141403198242,-13.918255805969238,2.6704695224761963,-7.152315139770508,6.85899543762207,0.33453643321990967,4.431600570678711,1.0641461610794067,2.7547457218170166,-0.4143076241016388,5.622976303100586,-5.983430862426758,1.5777835845947266,-0.8219152688980103,4.663397312164307,2015
sugar.mp3,0.35044655203819275,2425.6825455691387,2548.424593005614,5259.134420114053,0.10335907904246835,[117.45383523],-81.88449096679688,85.40040588378906,8.772819519042969,27.62519645690918,4.107960224151611,7.683133125305176,-5.592325687408447,2.093324899673462,-4.97089958190918,2.1339282989501953,-3.322288751602173,2.0684211254119873,-0.7222621440887451,-1.8476603031158447,-5.266994953155518,-1.4649349451065063,-9.073670387268066,1.8212202787399292,-3.371263265609741,0.3424377143383026,2015
love_like_you_do.mp3,0.3254975974559784,2062.4325708452425,2234.2225150716185,4306.580282966252,0.09065006007958931,[95.703125],-128.75521850585938,101.60144805908203,-2.400346040725708,18.71749496459961,-0.7266132235527039,2.591291904449463,-0.7191211581230164,-1.2979743480682373,-2.5913095474243164,1.9174476861953735,-7.6922502517700195,-0.7681361436843872,-6.599968433380127,0.9615601897239685,-4.68722677230835,3.2458205223083496,-1.1544262170791626,1.5885462760925293,-3.7005908489227295,-1.521116852760315,2015
this_is_what_you_came_for.mp3,0.35788315534591675,2474.4434696576536,2615.941060519641,5437.230364788689,0.10261116159438147,[123.046875],-43.608280181884766,84.96831512451172,0.28248491883277893,10.51103401184082,0.4623856842517853,4.176323413848877,0.46839290857315063,-0.4018486738204956,-3.9087719917297363,-1.7230557203292847,-5.462563991546631,0.7560855746269226,-4.247862339019775,4.465358734130859,-3.703827381134033,2.0639069080352783,-4.68536901473999,-0.014345264993607998,-2.5970449447631836,3.94580078125,2016
ride.mp3,0.3647194802761078,2456.5317976249517,2532.4364851261403,5203.783105062273,0.1050609005105359,[151.99908088],-166.7932586669922,87.03285217285156,-3.2065274715423584,9.662647247314453,2.9384429454803467,3.8030059337615967,2.517827272415161,5.414318084716797,-0.5261869430541992,12.134424209594727,-2.0076706409454346,4.346829891204834,0.7071030735969543,3.4602432250976562,-0.4839238226413727,2.3222434520721436,-2.715447187423706,4.057398796081543,-3.064580202102661,4.067080020904541,2016
cant_stop_feeling.mp3,0.41805872321128845,2600.193135998656,2561.300330342535,5442.665014595821,0.12177881701239224,[112.34714674],-71.13109588623047,80.21232604980469,-6.586034297943115,17.055564880371094,7.323770999908447,6.255651950836182,-7.173396110534668,3.0123493671417236,-4.296209812164307,3.7427659034729004,-1.6086697578430176,4.280725479125977,-2.902761220932007,4.608546733856201,-3.974371910095215,-0.7321935296058655,-4.817777633666992,2.5813727378845215,-5.849395275115967,0.2541382312774658,2016
pill_ibiza.mp3,0.36970841884613037,2388.406370751584,2481.1770127471254,5046.669369136466,0.09716733341835226,[103.359375],-57.46154022216797,87.12690734863281,-6.45648717880249,16.05974769592285,4.893597602844238,9.219518661499023,-1.9413586854934692,4.260995864868164,-3.8663461208343506,1.2573769092559814,-4.393781661987305,0.1589650809764862,-2.895181894302368,2.6504154205322266,-5.038077354431152,-1.2908053398132324,-6.0385332107543945,-0.10302992910146713,-7.190904140472412,-1.2168043851852417,2016
7_years_old.mp3,0.3260803520679474,2130.4187053043092,2373.814929570408,4497.654789551774,0.08633716181879779,[117.45383523],-130.66021728515625,100.25001525878906,7.383262634277344,14.394776344299316,3.7869646549224854,2.730043649673462,-3.770772695541382,3.6522979736328125,-10.955601692199707,6.04395055770874,-5.393986225128174,-0.17941194772720337,-6.052178382873535,0.5189365148544312,-3.8980495929718018,-2.242356777191162,-6.50127649307251,-1.2410215139389038,-4.560433387756348,-3.304513454437256,2016
dont_let_me_down.mp3,0.37573859095573425,1910.6411147762262,2078.036946927022,3901.171866877322,0.08082156664148275,[107.66601562],-102.01316833496094,105.59585571289062,-13.499582290649414,27.559734344482422,2.364185333251953,1.7287603616714478,6.153979301452637,2.5377378463745117,-0.25766900181770325,1.7195779085159302,-5.887831211090088,4.450406551361084,-8.590316772460938,8.19918441772461,0.10952659696340561,4.03879976272583,1.286213994026184,1.829605221748352,-5.408361911773682,0.4231494963169098,2016
me_myself_i.mp3,0.4073352813720703,2433.2721478412236,2663.734752105744,5412.841404860129,0.0842844000176763,[112.34714674],-77.44441986083984,83.17388153076172,8.392455101013184,23.866334915161133,6.462695121765137,8.767364501953125,3.9096996784210205,2.8682782649993896,3.1996068954467773,4.608308792114258,-2.2646889686584473,4.258820533752441,-2.683624029159546,3.8261051177978516,-5.703224182128906,1.9662342071533203,-6.461474895477295,3.2418646812438965,-0.8659545183181763,1.079926609992981,2016
cheap_thrills.mp3,0.36244553327560425,2299.097752853182,2317.5341200778503,4694.0692773056435,0.1054034928304585,[89.10290948],-130.5095977783203,71.82608032226562,-11.547979354858398,16.667509078979492,4.074671268463135,-7.305412769317627,6.917471408843994,-11.071891784667969,-2.2744410037994385,0.9294326901435852,-11.307416915893555,1.2893625497817993,-6.859881401062012,2.870997905731201,-2.5662918090820312,6.475871562957764,1.956329107284546,9.498767852783203,2.678041934967041,7.4661054611206055,2016
my_house.mp3,0.3888910114765167,2229.9249204712687,2346.0344914474495,4825.9616852250265,0.09901258049627863,[95.703125],-88.94403076171875,90.13655853271484,0.019298231229186058,20.89968490600586,3.809901475906372,7.54849910736084,-6.162029266357422,8.960894584655762,-10.22269058227539,4.620672225952148,-3.173159122467041,3.639799118041992,0.6662796139717102,-0.5808488726615906,-0.5947346687316895,3.6430883407592773,-5.530629634857178,0.9214968085289001,-4.182192802429199,-1.2544835805892944,2016
hello.mp3,0.30034762620925903,1943.2687227937288,2387.6696957163517,4344.7606508227,0.07758953287837518,[143.5546875],-297.7541198730469,104.14816284179688,39.90689468383789,16.87967300415039,10.175654411315918,-0.16303227841854095,14.021393775939941,-7.435993194580078,0.9902356266975403,7.733786106109619,-14.29403018951416,0.16712218523025513,-12.776418685913086,1.5692898035049438,-4.853486061096191,-2.2577450275421143,0.4035228490829468,-0.8386224508285522,-6.075428485870361,-0.6329713463783264,2016
panda.mp3,0.4895760118961334,2472.3643210521436,2310.3707202849705,4831.977677812588,0.11345777857720622,[143.5546875],-104.90349578857422,71.69891357421875,-15.5028657913208,28.994077682495117,10.811177253723145,12.152300834655762,-4.633983612060547,4.7258758544921875,-1.3591448068618774,11.723960876464844,2.463679313659668,10.231414794921875,2.8600189685821533,5.895426273345947,2.5669057369232178,12.15073013305664,3.490652084350586,10.547863960266113,3.3375747203826904,6.461213111877441,2016
cake_by_the_ocean.mp3,0.40434715151786804,3100.7303703751218,2815.7266448382193,6526.504690095652,0.15370991777963822,[117.45383523],-46.5151252746582,60.12379455566406,4.064637660980225,16.34420394897461,3.042401075363159,8.010618209838867,-3.7856428623199463,3.6150970458984375,-2.889946937561035,6.591422080993652,-1.7193536758422852,2.4621431827545166,-2.4521212577819824,3.4874486923217773,-1.8793145418167114,3.7877860069274902,-3.1061196327209473,2.740417003631592,-1.7374953031539917,4.088151454925537,2016
sorry.mp3,0.38798367977142334,2227.628409719145,2571.2628208269034,5024.126550776232,0.08088578769122971,[135.99917763],-55.99677658081055,101.68206787109375,3.5202982425689697,10.622830390930176,6.787637710571289,0.333388090133667,-2.4765286445617676,2.7454490661621094,-2.890317440032959,5.658832550048828,0.4476165473461151,5.822118282318115,-0.6551241278648376,3.681976318359375,-0.7149432301521301,1.1950695514678955,-3.308464288711548,3.2574846744537354,-2.823423147201538,4.0852861404418945,2016
love_yourself.mp3,0.2987399697303772,2093.667544860534,2354.5340800447643,4319.695237319567,0.09671115951721632,[99.38401442],-166.75213623046875,104.29203033447266,5.38884973526001,-5.992489814758301,2.1196882724761963,-11.504393577575684,-14.961798667907715,-2.254619598388672,-12.376214981079102,-6.320313930511475,-12.841553688049316,-6.195018291473389,-9.392939567565918,-8.495684623718262,-6.704108715057373,-7.743175983428955,-9.819640159606934,-1.6760530471801758,-12.938000679016113,-3.0338656902313232,2016
stressed_out.mp3,0.40479668974876404,2630.4967322511884,2688.4393953401477,5667.30540328738,0.10685338971811195,[172.265625],-72.90686798095703,79.29580688476562,23.215604782104492,24.554052352905273,6.474273204803467,8.750621795654297,4.490180015563965,6.650683879852295,-0.8742189407348633,10.308534622192383,-5.069284439086914,5.599985122680664,-3.306706666946411,2.563835859298706,-1.562622308731079,2.405616283416748,-2.06899094581604,5.252779960632324,-6.2844319343566895,0.4504337012767792,2016
work.mp3,0.39450526237487793,2312.3513397125216,2593.8196273696026,5164.045346926337,0.08771995648945848,[103.359375],-135.6680145263672,91.07487487792969,1.7493408918380737,1.6520916223526,2.1940109729766846,-3.2433807849884033,-5.5802435874938965,0.13311579823493958,-3.5140902996063232,4.44635534286499,-2.2954347133636475,6.338242053985596,-1.0391799211502075,7.488049030303955,0.43757545948028564,6.033760070800781,-2.628889560699463,4.680354595184326,-1.873365879058838,2.290217876434326,2016
one_dance.mp3,0.44538602232933044,1982.07782601558,2386.4105285918426,4472.512821834389,0.06424009684557751,[135.99917763],-128.0110626220703,94.60973358154297,10.891990661621094,24.244617462158203,5.929743766784668,8.440306663513184,-0.27608150243759155,11.36497974395752,-3.4212450981140137,4.474141597747803,1.9113550186157227,0.17092867195606232,-0.0959906131029129,6.979086875915527,2.1671626567840576,2.438347339630127,-2.7158102989196777,2.3015003204345703,-0.5503228902816772,3.1278703212738037,2016
needed_me.mp3,0.39540162682533264,2109.920900921732,2426.4700957410982,4585.808441331547,0.07761551270434917,[112.34714674],-140.7661895751953,79.9676742553711,4.724084377288818,21.601438522338867,5.742877006530762,5.0427069664001465,10.947687149047852,-0.45155635476112366,4.872533321380615,3.672783136367798,-3.3851571083068848,6.594181060791016,-1.191081166267395,17.65013885498047,2.707707405090332,2.163900375366211,-0.5355395674705505,5.666680335998535,1.1959069967269897,5.682803630828857,2016
havana.mp3,0.382336288690567,1962.1153425452583,2289.985704091359,4234.133006236061,0.07802242774930969,[103.359375],-88.00132751464844,109.66751861572266,2.925536870956421,12.266645431518555,-3.060485363006592,8.465790748596191,3.733213424682617,-3.418151378631592,4.052614688873291,2.5319790840148926,-4.532838821411133,3.3976807594299316,-1.6978676319122314,3.9257493019104004,-2.191694498062134,4.843540191650391,-4.728119850158691,0.13023854792118073,-4.8320488929748535,-1.9093360900878906,2017
unforgettable.mp3,0.4409998655319214,1793.272408234461,2032.540544731682,3691.3756161700544,0.075372015266968,[129.19921875],-80.34026336669922,113.88146209716797,-6.45883321762085,22.666215896606445,7.517451286315918,8.712925910949707,-1.7576801776885986,6.520843029022217,-5.612407684326172,7.338235378265381,-2.207197904586792,5.746148109436035,-1.433441400527954,0.7585541605949402,-1.113870620727539,0.9922600388526917,-5.073601245880127,2.0654332637786865,-5.040203094482422,2.445220470428467,2017
congratulations.mp3,0.3771247863769531,2111.618258196742,2105.6414357979397,4238.765258403659,0.1026613640549358,[123.046875],-58.05482482910156,110.70040893554688,-20.312700271606445,14.896262168884277,-0.8947407007217407,5.699103355407715,-3.6753361225128174,4.634488105773926,-3.9127769470214844,-0.5543169975280762,0.3773924708366394,2.0643692016601562,2.8319380283355713,-1.6333547830581665,-2.016993284225464,6.774348258972168,-7.631897449493408,7.67433500289917,-3.715585470199585,2.712022066116333,2017
despacito.mp3,0.34584328532218933,2629.105512718871,2547.2564372614406,5486.046815190351,0.11818539493681263,[117.45383523],-128.83074951171875,70.41520690917969,-6.728916168212891,13.041888236999512,-0.4098092019557953,5.415018081665039,-7.013814449310303,5.362741470336914,-8.067503929138184,2.750119209289551,-1.7884892225265503,1.5812665224075317,-1.2355563640594482,-0.947054386138916,-3.5709481239318848,0.1424226313829422,-9.272198677062988,3.480407238006592,-3.6350550651550293,-0.5678594708442688,2017
humble.mp3,0.6225665211677551,2461.9605474428054,2592.669983606948,5424.080451370076,0.06800530261983682,[151.99908088],-121.26089477539062,72.46121215820312,9.685077667236328,24.189931869506836,9.016106605529785,16.967144012451172,8.433884620666504,18.071149826049805,3.4742913246154785,11.36439323425293,3.701223611831665,5.8299665451049805,1.825143814086914,7.054270267486572,1.7053077220916748,5.657188415527344,0.6643677353858948,4.689825057983398,-0.011956649832427502,6.935702323913574,2017
shape_of_you.mp3,0.33447420597076416,2043.1919210922931,2314.3094095196857,4342.824424820597,0.08118973192639643,[129.19921875],-70.86469268798828,100.12059020996094,3.0415306091308594,22.10608673095703,7.5416975021362305,3.658372163772583,-9.719484329223633,0.23039697110652924,-11.789609909057617,0.4019717574119568,-2.7144582271575928,3.6824467182159424,-2.758527994155884,-1.0320332050323486,-1.3972055912017822,0.9980913996696472,-7.277137756347656,2.8798437118530273,-5.322810173034668,0.16763180494308472,2017
mask_off.mp3,0.5758494138717651,1388.2889307845444,1979.057143364784,3141.250890055542,0.02501905596145099,[151.99908088],-167.98367309570312,115.32262420654297,10.943731307983398,12.63890266418457,23.226205825805664,19.25558090209961,-0.20672546327114105,15.077933311462402,2.286789894104004,11.031567573547363,6.8634419441223145,9.679985046386719,4.072171211242676,7.328982353210449,4.942077159881592,11.091726303100586,4.50929069519043,5.929078102111816,4.7249436378479,4.571542263031006,2017
im_the_one.mp3,0.35511982440948486,2154.653802899946,2384.678021963164,4529.950928617165,0.07269116926978707,[107.66601562],-55.71897506713867,93.37605285644531,-9.192726135253906,11.572979927062988,0.27076056599617004,-2.086050271987915,-1.0927979946136475,8.95057487487793,-1.9276654720306396,4.746566295623779,-2.898982286453247,4.615903854370117,-0.4455178678035736,0.41067057847976685,0.1749836802482605,2.4271647930145264,-3.4092488288879395,6.342788219451904,-6.052483558654785,0.5608597993850708,2017
black_beatles.mp3,0.40365076065063477,2116.5894299611873,2556.1326533816114,4896.563406998499,0.05701671763321153,[143.5546875],-93.9285659790039,112.76280212402344,19.57046890258789,1.0100845098495483,12.317195892333984,2.495093584060669,2.285309314727783,12.536229133605957,-0.5751250982284546,14.727117538452148,-2.1140332221984863,12.977100372314453,-1.0182019472122192,7.294286251068115,3.9390828609466553,7.052285194396973,-3.233783006668091,7.64451265335083,-3.7171006202697754,1.7273355722427368,2017
believer.mp3,0.39539965987205505,2304.1338865658636,2385.117699107379,4843.0584976654345,0.09457062014895559,[123.046875],-60.35593795776367,85.82610321044922,-13.261152267456055,22.792011260986328,6.55924654006958,9.221092224121094,-6.548480987548828,8.925482749938965,-3.3456740379333496,1.20863676071167,0.1457424759864807,1.2859649658203125,0.7171118855476379,3.3460028171539307,0.4815216660499573,5.997514724731445,-4.357508182525635,-0.880350649356842,-3.3569488525390625,-0.00828626286238432,2017
24k_magic.mp3,0.39522022008895874,2473.957433972644,2414.158784341951,5194.242471723414,0.11491224566594786,[107.66601562],-68.67543029785156,69.86851501464844,-5.343822479248047,18.715900421142578,-0.1811501681804657,12.737886428833008,-1.7337249517440796,6.626450538635254,-0.3712887167930603,7.43943977355957,-1.366614580154419,4.510736465454102,-2.1289045810699463,3.9559333324432373,-1.5793358087539673,3.6483571529388428,-2.140402317047119,5.658195972442627,-2.260993003845215,3.126312255859375,2017
xo_tour.mp3,0.43419092893600464,2406.5010215532857,2574.194303389839,5276.405789642098,0.07069292417326764,[151.99908088],-134.04083251953125,73.76737213134766,6.793246269226074,15.504749298095703,4.416731834411621,13.615675926208496,2.822277545928955,11.747735977172852,-0.5243028402328491,16.220561981201172,6.516391754150391,6.052998065948486,0.02740299329161644,3.3548994064331055,-2.060361862182617,0.7941696047782898,-3.9293887615203857,4.379415512084961,2.837484121322632,8.544078826904297,2017
thats_what_i_like.mp3,0.41228312253952026,2610.6404985604213,2578.0093907122673,5497.857943662057,0.11231054967163234,[135.99917763],-80.3912124633789,67.4802017211914,1.6941746473312378,18.167320251464844,3.8532426357269287,12.80937385559082,-3.5995404720306396,6.759583473205566,0.038554802536964417,6.467552185058594,-0.8335328102111816,4.378195762634277,-2.227822780609131,3.010788679122925,-0.4803324043750763,0.31254005432128906,-2.3112761974334717,6.437520503997803,-4.00074577331543,5.88628625869751,2017
closer.mp3,0.35875970125198364,2751.916697347088,2726.8114185160257,5965.115367538678,0.12094192782216952,[95.703125],-79.56568145751953,81.57244873046875,13.376970291137695,9.587355613708496,2.5230283737182617,2.2881669998168945,-5.0987725257873535,0.94581538438797,-5.67097282409668,-1.0786347389221191,-5.59032678604126,-2.023333787918091,-7.4819722175598145,0.30927810072898865,-2.1468451023101807,3.523096799850464,-1.6792891025543213,2.707833766937256,-4.950808048248291,-2.463423013687134,2017
wild_thoughts.mp3,0.3990413546562195,2269.4880227819335,2478.5743856818,4780.5181535803595,0.09547618901471655,[99.38401442],-76.645751953125,91.59342956542969,12.166580200195312,24.447975158691406,3.888709783554077,3.9094762802124023,3.1872262954711914,0.5870646834373474,-1.2082346677780151,7.672420024871826,-3.1087069511413574,4.8088555335998535,-5.153771877288818,6.424511432647705,-3.35471510887146,2.2614314556121826,-2.8706674575805664,3.2092556953430176,-0.7899462580680847,2.7084033489227295,2017
something_like_this.mp3,0.407182902097702,2245.1765424259975,2466.7051349443764,5006.8347475208075,0.08121922103916228,[103.359375],-83.68305969238281,90.81541442871094,11.780791282653809,21.72393798828125,0.7671098113059998,11.795950889587402,-5.491300106048584,6.125941276550293,-1.076987624168396,0.698270320892334,3.241072177886963,4.706496238708496,2.1879360675811768,4.897449970245361,0.5233862996101379,5.223388671875,-2.261767864227295,6.135695934295654,-1.0329214334487915,-0.7390645742416382,2017
bad_boujee.mp3,0.5173675417900085,2407.5406378586217,2695.9687065817175,5387.788549270073,0.061438442279283974,[129.19921875],-79.5452651977539,82.91390991210938,24.017162322998047,21.861698150634766,10.042551040649414,9.670084953308105,0.8944255709648132,11.32625675201416,3.2679965496063232,8.445292472839355,4.086902141571045,5.801213264465332,3.082716941833496,9.526512145996094,2.5418388843536377,5.679182052612305,-2.1681509017944336,7.18798828125,1.795008659362793,4.1180620193481445,2017
body_like_a_back_road.mp3,0.3713943660259247,2085.563472196089,2307.2553957316327,4257.721984067059,0.09486977979467667,[99.38401442],-94.17796325683594,104.9319839477539,-3.8442020416259766,20.55202865600586,13.051627159118652,2.188148021697998,-9.549522399902344,-1.0181714296340942,-5.91213846206665,-1.2439028024673462,-2.738628625869751,-1.6831727027893066,-5.593306064605713,-2.038545608520508,-5.5614013671875,4.486815929412842,-9.969538688659668,1.0779937505722046,-3.1455249786376953,2.18041729927063,2017
stay.mp3,0.34542402625083923,2629.10742221084,2684.7777159277234,5613.113697598149,0.12595843258572675,[103.359375],-63.11988830566406,78.91404724121094,3.379072904586792,18.253446578979492,6.6708149909973145,-1.236104130744934,1.273821234703064,0.4486244022846222,1.70841646194458,-0.6994428038597107,-2.9643564224243164,-1.4467436075210571,-6.1642656326293945,-1.2484685182571411,-5.368526935577393,4.763110160827637,-0.08842748403549194,2.7593860626220703,-1.515230417251587,3.823914051055908,2017
starboy.mp3,0.4486546814441681,1842.160415279746,2338.9117401964004,4131.878443667763,0.0507156563283208,[123.046875],-98.31101989746094,102.48359680175781,9.494889259338379,25.92595672607422,11.319247245788574,9.740118980407715,9.503897666931152,6.001071453094482,-4.177936553955078,11.400943756103516,1.5007758140563965,0.4058760702610016,2.4194650650024414,4.618166446685791,1.0930792093276978,5.450164794921875,-1.8201643228530884,4.46683931350708,-2.813174247741699,5.8199143409729,2017
havana.mp3,0.38240674138069153,1963.028468707726,2291.788782937761,4238.9823219992895,0.07789517178207307,[103.359375],-87.78031158447266,109.30867004394531,3.0888733863830566,12.350961685180664,-3.199982166290283,8.656173706054688,3.434884786605835,-3.147228717803955,3.9089133739471436,2.5349419116973877,-4.4380784034729,3.2464966773986816,-1.5488256216049194,3.7722692489624023,-2.0510756969451904,4.793578147888184,-4.79374361038208,0.23479272425174713,-4.935653209686279,-1.8496052026748657,2018
bood_up.mp3,0.4026823937892914,2402.199483363311,2608.2297796619505,5255.168418069127,0.10078867261461996,[107.66601562],-98.47449493408203,85.35890197753906,11.936989784240723,24.619279861450195,8.592066764831543,6.634060859680176,2.166743755340576,2.0662999153137207,1.0617707967758179,5.245299339294434,-5.170427322387695,4.870245933532715,-4.908345699310303,3.8769617080688477,-5.230212211608887,-3.6118717193603516,-2.413309097290039,5.702487945556641,-3.7273523807525635,5.562435150146484,2018
nice_for_what.mp3,0.40251684188842773,3260.719844863854,2606.173910821616,6225.437982004469,0.1684291344458579,[123.046875],-110.02950286865234,32.72365188598633,-25.885324478149414,-11.945358276367188,-22.68787384033203,-7.300864219665527,-11.768899917602539,-1.2924582958221436,-9.024680137634277,-0.7117864489555359,-9.334390640258789,1.493497371673584,-6.789943218231201,4.741264343261719,1.1138007640838623,8.284811973571777,2.1225428581237793,7.856011867523193,-2.1388933658599854,1.612066388130188,2018
the_middle.mp3,0.3114568591117859,2640.167703376521,2632.27533506524,5520.933454223526,0.11826275045984781,[107.66601562],-104.98200225830078,72.6596450805664,0.40630993247032166,15.262441635131836,-3.6603455543518066,3.627805233001709,2.8845973014831543,-1.236083984375,5.13310432434082,2.5475406646728516,-4.628513336181641,1.0787773132324219,-5.073203086853027,5.551440238952637,-4.414431095123291,6.971365451812744,2.077935218811035,-0.4310927391052246,1.2299416065216064,1.577235460281372,2018
gods_plan.mp3,0.43057531118392944,2331.6386509979416,2257.4062936019513,4767.756240244632,0.0958791432963298,[151.99908088],-150.95187377929688,88.22615814208984,-11.53198528289795,2.5364372730255127,7.020209789276123,-1.7605290412902832,-13.854496955871582,2.084197759628296,-5.183603763580322,-2.317439317703247,-7.163010597229004,-0.753440260887146,-5.395414352416992,3.4376380443573,1.7365907430648804,7.981624126434326,-2.9137613773345947,3.5034332275390625,0.7444934248924255,2.888308048248291,2018
lucid_dream.mp3,0.409072607755661,1951.3046817348757,2302.29073936179,4270.444373939562,0.06545009098779302,[112.34714674],-141.3429718017578,86.77300262451172,15.731237411499023,32.29977035522461,18.98795509338379,6.880302906036377,3.125828742980957,6.726995468139648,-9.200468063354492,6.1580610275268555,-4.493833541870117,1.8828251361846924,-2.8114850521087646,-2.3477084636688232,-0.8798466920852661,6.623484134674072,-5.915623664855957,8.408556938171387,-1.7477985620498657,-0.19973915815353394,2018
never_be_the_same.mp3,0.36614686250686646,2037.8866738601728,2212.348264636733,4298.780962146011,0.08788076223419103,[129.19921875],-82.59235382080078,103.42196655273438,-0.9999195337295532,31.44600486755371,-0.19627924263477325,8.047569274902344,5.824558258056641,-5.211006164550781,5.349580764770508,0.9151363968849182,-2.423408269882202,3.274336099624634,-3.452012777328491,1.9669158458709717,-6.631990432739258,2.153712511062622,-6.062108039855957,0.48392418026924133,-4.504297256469727,2.079315185546875,2018
meant_to_be.mp3,0.4051465690135956,2495.787383679261,2482.7491390564187,5217.3394627189155,0.10830835826297795,[151.99908088],-84.57015991210938,75.373046875,2.5333480834960938,29.891435623168945,6.520156383514404,7.482996940612793,-6.075658798217773,1.0641974210739136,0.5576722621917725,-5.68588924407959,-9.652896881103516,3.4198787212371826,-6.228826999664307,4.170438766479492,-0.3804550766944885,2.155489206314087,-0.38412219285964966,1.6266300678253174,-2.067690849304199,1.1028410196304321,2018
better_now.mp3,0.38789698481559753,2020.4636597610647,2347.8821990534866,4436.273552228561,0.07329073072121858,[143.5546875],-74.91152954101562,109.95970153808594,15.706245422363281,9.038522720336914,-1.304300308227539,7.315480709075928,2.7787117958068848,6.916264533996582,-2.143033742904663,5.028779029846191,3.691784143447876,1.3024884462356567,5.7891011238098145,0.9210896492004395,-2.296860933303833,7.150947093963623,-13.167030334472656,4.828269004821777,-5.345945358276367,1.638204574584961,2018
love_lies.mp3,0.4194333851337433,2433.3990018022646,2588.4297577647576,5410.944891106593,0.08063334983233447,[143.5546875],-100.41521453857422,80.93004608154297,23.47205352783203,25.520706176757812,3.937127113342285,13.705069541931152,2.8922488689422607,4.5339579582214355,2.452014446258545,12.665678977966309,-1.9329601526260376,6.665449619293213,1.9825481176376343,4.787614822387695,-4.239696502685547,5.680352687835693,-2.744009017944336,2.035113573074341,-2.5357658863067627,-0.6061223149299622,2018
no_tears.mp3,0.39316627383232117,2655.4348943148075,2661.7010047014946,5600.556632923403,0.11173163367155814,[123.046875],-59.96685028076172,67.55551147460938,0.8111995458602905,28.138927459716797,-1.5415329933166504,8.92957592010498,2.681302070617676,-0.3045007884502411,7.185110092163086,6.889827728271484,-11.035652160644531,0.8673077821731567,-3.411604404449463,4.973824501037598,0.10122506320476532,7.216502666473389,-0.7423862814903259,2.9687585830688477,-2.1190121173858643,4.974481582641602,2018
girls_like_you.mp3,0.3416960835456848,2040.3149997469443,2360.5949554419917,4550.02756806683,0.07581211160758278,[123.046875],-98.35421752929688,98.54408264160156,15.684011459350586,29.77036476135254,7.2456841468811035,9.42772102355957,-0.680747926235199,2.809629201889038,-2.6147336959838867,0.24932704865932465,-6.233279705047607,-1.1290827989578247,-1.8644278049468994,-0.8636638522148132,-6.273423671722412,-3.3991358280181885,-10.60173225402832,1.3161418437957764,-7.8436970710754395,-1.2446298599243164,2018
in_my_feelings.mp3,0.5463705062866211,1994.6484111558082,2366.4166563108643,4261.258080820687,0.06331609008919063,[92.28515625],-175.90475463867188,81.53642272949219,20.22967529296875,26.55481719970703,10.474111557006836,8.797126770019531,0.8534277677536011,11.065435409545898,-2.9773666858673096,8.114280700683594,-0.7124343514442444,5.414852619171143,-1.173630714416504,6.616703510284424,1.6537472009658813,3.176393508911133,2.4484288692474365,8.494973182678223,3.883650302886963,5.406361103057861,2018
i_like_it.mp3,0.38554051518440247,2480.4061590051656,2425.101120191783,5162.228534405048,0.10835989368704213,[135.99917763],-67.33782196044922,77.03756713867188,-14.512147903442383,15.350885391235352,-4.915472507476807,5.878286838531494,-0.9791142344474792,7.965868949890137,-2.071911334991455,6.596933841705322,-0.8171573877334595,3.6486713886260986,-3.6313157081604004,4.284548759460449,-3.0751993656158447,1.1483112573623657,-4.70123291015625,3.4668354988098145,-3.9219963550567627,1.864348292350769,2018
rockstar.mp3,0.4874189794063568,1551.9431510387515,2017.7840170065817,3250.7226000958362,0.04616797748509211,[161.49902344],-212.7619171142578,118.75123596191406,11.6775484085083,20.82497787475586,15.571008682250977,9.365739822387695,8.527960777282715,7.754016399383545,-0.4970235824584961,4.96018648147583,4.941504001617432,5.062770366668701,5.337831497192383,2.453380823135376,1.8969725370407104,8.544473648071289,-4.200382709503174,9.336881637573242,0.38196003437042236,3.8193798065185547,2018
finesse.mp3,0.4416252076625824,2883.9056584736545,2737.9211211736665,6147.040314606614,0.13858611589791084,[103.359375],-46.77313232421875,65.18193817138672,5.850786209106445,22.076608657836914,1.7528718709945679,13.357626914978027,-5.159890174865723,6.420782089233398,-2.090381383895874,4.563634395599365,-1.8772306442260742,4.494393825531006,-2.3474690914154053,3.607875347137451,-2.163966655731201,1.7599390745162964,-3.55531907081604,5.005039691925049,-4.2227067947387695,5.062333106994629,2018
psycho.mp3,0.39435887336730957,1731.7706781940346,2177.1554922743185,3585.4917775342888,0.060298252615913144,[143.5546875],-120.5497055053711,115.18416595458984,25.001380920410156,19.556068420410156,2.8620803356170654,7.734621047973633,3.8801913261413574,2.3518152236938477,-7.949066638946533,-1.5517226457595825,-3.5038628578186035,-1.783077359199524,4.444242000579834,-3.433718204498291,0.12432435899972916,8.302414894104004,-8.356302261352539,5.846698760986328,-4.541079044342041,2.1775975227355957,2018
sad.mp3,0.43976956605911255,1804.4400749326758,1922.777445539383,3651.4005854748675,0.0780915952217152,[99.38401442],-160.34873962402344,103.61947631835938,17.073034286499023,24.717748641967773,8.566865921020508,10.957098007202148,3.1611554622650146,8.290496826171875,-3.6243538856506348,7.248496055603027,-8.12820816040039,-0.6083171963691711,-3.217311382293701,1.2939972877502441,-5.517245769500732,-1.8275591135025024,-4.631797790527344,1.7815585136413574,-1.8628567457199097,-0.8510381579399109,2018
perfect.mp3,0.34196603298187256,2023.3505641386175,2332.1053097902004,4426.012184410704,0.07402645357270374,[95.703125],-89.81489562988281,99.87091827392578,13.588171005249023,38.63911056518555,4.898627758026123,8.494318962097168,-0.5616999268531799,4.434349536895752,-5.772938251495361,8.188544273376465,-7.976161003112793,1.8158352375030518,-8.803899765014648,-4.749601364135742,-3.3259036540985107,-1.832315444946289,-9.03398323059082,4.853086948394775,-3.7804486751556396,-1.4502415657043457,2018
new_rules.mp3,0.4087728261947632,2647.1954735757663,2852.612139342194,6170.528442044668,0.08533246407548477,[117.45383523],-73.70034790039062,76.25157165527344,9.055176734924316,13.930817604064941,8.56715202331543,3.588505506515503,5.201789855957031,0.155488982796669,0.8099081516265869,10.118687629699707,-5.428257942199707,6.512868881225586,-0.9462155699729919,7.550580024719238,-1.7841765880584717,3.580603837966919,-0.23270104825496674,1.9703365564346313,-4.481080055236816,2.627504825592041,2018
