,filename,chroma_stft,spectral_centroid,spectral_bandwidth,rolloff,zero_crossing_rate,tempo,mfcc1,mfcc2,mfcc3,mfcc4,mfcc5,mfcc6,mfcc7,mfcc8,mfcc9,mfcc10,mfcc11,mfcc12,mfcc13,mfcc14,mfcc15,mfcc16,mfcc17,mfcc18,mfcc19,mfcc20,label
0,cooler_than_me,0.42750263200000005,2869.82862,2677.180491,6014.937118,0.133023779,129.19921875,-12.48610687,66.94616699,0.302482635,25.93309784,3.732444048,6.751822947999999,-3.3388590810000003,5.9815092089999995,-4.871982574,5.688903809,-2.249963284,2.9568049910000003,-4.295157908999999,0.656407416,-4.171000004,0.7711769340000001,-1.440346718,1.546116471,-3.990371227,2.771891117,2010
1,airplanes,0.42300322700000004,2371.365987,2335.975387,4883.348314,0.111171504,92.28515625,-19.89567375,88.95568085,-16.76070595,27.27427101,4.699789524,10.98278713,-3.9733812810000004,5.23844862,0.734905005,2.333098412,-6.0202546120000004,2.093508244,-5.614815712,2.615297079,-4.1925692560000005,2.258908033,-5.238406181,2.319968224,-3.514363527,2.430466175,2010
2,in_my_head,0.356209189,3011.418486,2711.790253,6264.323144,0.145705844,112.34714674,-22.31182289,56.39844131,-11.29165936,24.00869179,3.027650833,1.601851463,-1.910718322,4.024603367,-2.9686925410000002,7.4148526189999995,-1.4146947859999999,0.385180175,-5.598175049,3.440188169,-7.220666885,-0.5221579670000001,-4.795783997,2.379430771,-3.5093026160000003,1.0321902040000002,2010
3,tik_tok,0.38904109600000003,2566.800494,2495.921945,5313.32822,0.120453126,117.45383523,-32.02466965,74.23845673,-4.407170296,23.32176971,1.4482208490000001,5.175142765,5.466407299,1.796194434,-1.0876768829999999,5.572907448,-7.6056857110000005,2.125535965,-6.483167647999999,2.310317039,-2.3115899559999997,-0.336031586,-2.3079495430000003,0.7113384009999999,-3.418213367,4.908050537,2010
4,love_the_the_way_you_lie,0.409368753,2796.55357,2507.57635,5479.505082,0.158967006,117.45383523,-39.79114914,74.72570801,-19.09047318,18.22961235,7.3303799629999995,5.018394947,-0.301959217,6.2423229220000005,-1.5191767219999999,2.7417175769999997,-4.73649025,0.675784707,-6.952001095,2.451728106,-6.098279953,0.664110482,-6.628309727,0.223306239,-3.690105915,-0.426927865,2010
5,rude_boy,0.355394334,2888.434353,2605.939203,5932.585171,0.13642179599999998,172.265625,-59.33023834,51.24383163,5.148359299,23.1635685,-8.168813705,3.820402384,1.539031506,2.110625505,5.116493225,4.031439781,-3.390262365,8.840018272,-3.152981997,7.351060867,-1.454714417,4.747898102,0.402706295,6.22963047,-0.677276969,4.322305202,2010
6,dynamite,0.389336795,2518.008142,2682.183561,5769.865612,0.092006839,117.45383523,-43.24695206,72.98537445,1.670782208,15.44327259,10.530885699999999,15.16717243,1.53376472,9.157501221,1.720402479,8.764536858,2.202568769,8.923724174,-0.8327203390000001,5.713282585,-0.58232677,4.839280605,-2.068121195,4.40098238,-2.955765963,4.895222663999999,2010
7,hey_soul_sister,0.322014719,2090.368275,2176.327635,4494.289084,0.106349986,95.703125,-76.13769531,100.9801407,-13.47198296,37.57539749,-7.38535738,22.94833374,-18.41448402,16.75969315,-21.56994057,9.113716125,-11.86023998,2.60718298,-6.968085288999999,5.0455727580000005,-5.125730515,5.01782465,-3.3220722680000003,7.669510841,-3.3586688039999997,4.70819521,2010
8,nothin_on_you,0.3413001,2207.090921,2425.1298699999998,4674.530215999999,0.09463681300000001,103.359375,-31.77469063,94.47319031,-1.136358738,23.33381653,1.2017996309999999,1.86165607,-8.030112267,-2.9981606010000004,-6.525865078,-1.8775495290000002,-0.325689703,2.5961577890000003,-1.979559183,2.205345869,-2.4084215159999998,3.730111837,-2.828749895,4.569801807,-5.502481461,3.796866655,2010
9,omg,0.376380324,2214.66325,2396.598405,4723.631748,0.08941948599999999,129.19921875,-80.62104034,88.7379303,-10.91086102,4.083671093,-3.072483301,2.998161793,-3.85742569,7.331309319,-3.4957973960000004,6.32964325,1.353397608,1.74813211,-4.381651402,3.2862291339999996,-3.0088133810000004,3.101185322,-2.521853447,2.8982479569999997,-2.773996592,2.531903505,2010
10,california_girls,0.45080241600000004,2544.588288,2616.447495,5504.791244,0.112162099,123.046875,-81.93164825,77.21616364,3.774093628,20.70108223,5.413406848999999,9.743571281,1.374505281,9.944013596,-0.26354157899999997,9.440281868,-0.645802855,5.753796101,-2.185689211,3.290456533,-1.527011633,3.655460596,-0.294359446,3.9688816069999997,0.508215189,6.178516865,2010
11,i_like_it,0.43064212799999996,3226.172719,2846.1178649999997,6703.408117,0.165001392,129.19921875,-45.60762405,55.04422379,-3.3878741260000003,21.15199661,2.752381802,9.158955574,2.175191164,7.537586688999999,-0.315144002,7.5185756679999995,-1.220374107,6.980227947,-1.252957463,5.777309418,0.873325169,4.497939587,-2.8478734489999997,2.356927872,-3.029947042,1.203326941,2010
12,bad_romance,0.43496096100000003,2645.7339269999998,2639.4808510000003,5715.21011,0.11341085,117.45383523,-47.92599106,68.62067413,-7.911902905,18.44313812,4.499777794,14.87577248,4.619219303,9.764110565,0.282402366,11.57733536,0.803346515,5.639108181,-0.097150944,5.78102684,-2.929448605,2.168585539,-1.8592495919999998,3.668575525,-4.108798504,3.203513622,2010
13,imma_be,0.42471081,1979.678421,2301.370872,4261.375951,0.068640858,123.046875,-97.32778168,91.97590637,5.628716469,25.28447533,7.2991991039999995,10.15045357,-0.828301787,6.064148426,-2.601698399,4.269199848,3.3427698610000003,6.777494431,-2.24761939,3.2306625839999996,-1.06129539,5.552039146,-0.740803957,4.123921394,-1.318823576,4.250315189,2010
14,bedrock,0.392409235,2828.308993,2734.799682,6044.349483,0.11468058800000001,99.38401442,-121.1771851,69.87143707,-2.099574804,11.97315407,0.6871172790000001,2.699879169,-2.156191349,8.819002151,-4.49851656,3.925439835,-1.484124541,5.594423293999999,-0.8789836759999999,4.018404007,-1.324970245,2.598469019,-2.442199707,2.997666836,-0.9561849240000001,2.431532145,2010
15,need_you_now,0.32294926,1986.0775079999999,2212.5189760000003,4208.287177,0.08998983699999999,107.66601562,-64.88699341,103.5426407,-2.1137866969999997,27.82141876,3.619268656,12.86322021,0.7215271590000001,6.053693771,1.822072268,3.941687107,-5.480306625,1.692350745,-4.930062294,2.595106602,-3.318344355,1.402053356,-2.519526005,3.4056317810000003,-5.388913631,1.017499328,2010
16,break_your-heart,0.416971087,2833.947772,2817.0861809999997,6300.577405,0.097077869,123.046875,-17.25226593,62.05181503,0.312378377,24.76148987,7.524226189,14.10275936,-0.562674582,8.446884155,-3.975000143,4.624039173,1.0557539459999998,8.317310333,0.839386165,5.698910236000001,-0.064698175,5.565078735,-2.285917997,2.537205696,-4.1404080389999995,0.302874863,2010
17,teenage_dream,0.383525819,2475.09607,2532.491957,5316.75198,0.113164214,117.45383523,-19.48978233,88.3258667,0.646123707,22.26989746,4.808521748,2.551338196,0.677169919,5.491974354,3.01295805,9.309454918,-4.81658268,1.9832280869999999,-1.605903864,7.614037514,0.265078455,5.196052551,1.634179115,1.576613188,-4.481292248,0.03121368,2010
18,just_the_way,0.35780656299999997,2242.5437699999998,2439.220225,4897.023193999999,0.09051645400000001,107.66601562,-81.51413727,89.6481781,7.099928379,19.03990555,-5.388292312999999,11.31142426,-7.682021617999999,10.11094093,-4.009682178,5.711908817,-0.740405262,0.905125022,-2.933254719,4.1333975789999995,-0.061673705,5.993308067,2.95547533,4.130305767,-3.873857498,5.6750421520000005,2011
19,pumped_up_kicks,0.389179528,1665.9196470000002,2022.854882,3441.47489,0.073282143,129.19921875,-201.85668950000002,124.2347794,-10.53442478,15.91160965,6.042921542999999,11.37395382,-0.879811943,3.279799938,-0.588810921,3.841681242,-0.778994799,1.04444778,-1.887864828,-1.292703986,-3.390264988,1.071901679,-1.7406237130000002,3.164628744,-2.200686932,2.00384903,2011
20,born_this_way,0.467413425,3019.914391,2764.983161,6377.248952,0.1447579,123.046875,-20.7023468,55.29098129,-4.948672295,21.07422829,8.339940071000001,10.906353,4.275644302,9.336086273,0.349523425,8.308959007,-0.38153246,7.051148415,-0.689267159,3.594205618,-0.627009451,3.5091891289999997,0.822019994,5.414978504,0.036134273,6.187131405,2011
21,floor,0.405474633,2159.298126,2416.551779,4676.215313000001,0.081342416,129.19921875,-81.68204498,94.78852844,1.795656919,21.3735218,2.216967821,6.5892357829999995,3.539259195,3.45792532,-0.595954537,7.420632839,-3.426623821,5.539666652999999,-1.473380446,2.8233733180000002,-0.966795802,4.440050125,-2.109390259,3.133494377,-1.448056936,3.884837627,2011
22,et,0.40448573200000004,2689.403151,2533.010523,5628.457619,0.132389067,151.99908088,-49.28044128,63.78344345,-7.669910431,17.70280838,3.035950422,7.729438782000001,0.634555578,8.327593803,-2.817293644,6.097164631,-5.056581497,3.617224455,-2.8035049439999997,2.451102734,-1.564427614,2.5580031869999997,-1.4940074680000002,6.454924107,0.08443807099999999,3.582210064,2011
23,last_friday,0.42757993899999996,2628.770536,2573.930652,5582.882281,0.117103585,123.046875,-90.65824127,77.51740265,-7.323861599,18.18880844,3.7874937060000002,8.109116554,2.531975746,7.166683197,1.7704538109999999,11.24852943,-2.63142395,7.5306921010000005,2.164494038,7.403809547000001,1.42389071,4.511301041,0.111121111,3.35029006,0.126444474,6.822296142999999,2011
24,just_cant_get_enough,0.35141322,2079.529133,2290.051183,4326.513508,0.085546519,129.19921875,-246.30688480000003,89.77399445,-2.982907057,20.03936577,3.6150822639999998,4.469095707,-2.165251493,2.406784296,-3.913657665,-0.67812264,-6.435613632000001,-1.11026144,-3.757966995,0.8875123859999999,-3.5937657360000004,0.67213732,-2.89495635,1.497740149,-2.6082293990000003,1.014407873,2011
25,grenade,0.388853699,1764.3703170000001,2156.2766239999996,3847.206239,0.067491544,112.34714674,-204.3034058,97.02349854,13.33694077,27.80507088,5.609804153,12.66718674,2.542826414,6.414245128999999,1.7472503190000002,3.968990803,-0.8592051270000001,2.25246501,-1.660382271,0.517894506,-2.7270338539999996,0.645575821,-0.47831609799999997,5.922447205,-3.2200150489999997,7.09443903,2011
26,tonight,0.43197268200000005,2584.703789,2772.4466390000002,5932.641225,0.09199386,123.046875,-46.07373047,73.11405182,11.23178959,26.84930611,7.137797832,14.76926327,2.648726702,9.750995636,-5.61934185,3.8085780139999996,-3.5864114760000003,6.025541782,0.9109502429999999,6.290011882999999,-0.992125988,3.24181819,-4.057806969,4.570049763,-2.223448992,2.2604451180000003,2011
27,s&m,0.38674408200000004,2395.660989,2524.913509,5143.436922999999,0.09299177900000001,129.19921875,-62.29201889,76.1251297,-6.256875515,21.58647346,4.499279976,15.49650288,10.18765163,5.461603642,5.588910103,8.312303542999999,-1.841600418,2.220529318,-4.279841423,4.773912907,-5.694328307999999,5.319423199,-0.7926071290000001,2.897934675,-1.0754718779999999,5.445534229,2011
28,rolling_deep,0.333646536,2169.743882,2440.9568050000003,4752.933695000001,0.088964932,103.359375,-150.48815919999998,93.64864349,-0.5534147620000001,24.01198196,9.213637352000001,10.64406872,2.81159687,8.452710152,-1.43923974,7.757750988,-8.592686653,9.913819313,-7.69555378,9.773059845,-3.9257485869999997,1.1686446670000001,-1.827726126,-0.128488988,-3.663602829,4.732729912,2011
29,party_rock,0.454225868,2815.471212,2829.09807,6258.979942,0.108818989,129.19921875,-37.522346500000005,69.9908905,10.01745987,17.11902237,4.185227394,9.08567524,-1.1850266459999999,5.965583801,-0.45551034799999995,8.653589249,2.122147322,6.583300591,-0.968937933,3.8563618660000003,-1.640354991,4.437067508999999,-1.8717324730000002,5.631563187,0.933821082,7.382906913999999,2011
30,super_bass,0.367746174,2543.598716,2503.427436,5304.4278189999995,0.113415763,129.19921875,-29.47923279,80.00366211,-9.693735123,19.94412231,-9.144732475,7.620915413,4.607207775,3.910200596,0.625468731,8.528697014,-4.952873707,10.23004246,-1.881599188,9.287044525,-0.6965414879999999,5.693324089,-1.482598305,5.351160049,-3.005644083,9.867196083,2011
31,fireworks,0.321696192,2575.872653,2494.421164,5372.789941,0.119536016,123.046875,-68.59515381,73.30441284,-11.77901649,21.20313454,-0.940983534,5.499683857000001,-1.2454460859999998,9.072234154,-2.8220148089999997,8.84533596,-4.17429018,-1.6902636290000002,-4.1636462210000005,3.4347021580000003,-3.662420273,-0.159764066,-5.274706364,-1.556161284,-6.877283573,0.151719645,2011
32,give_me_everything,0.381504595,2735.990259,2641.951622,5748.717132,0.125526216,129.19921875,-26.42921066,70.65905762,-6.272462367999999,22.68111801,4.572245598,5.611189842000001,-4.603832245,0.8259372709999999,-9.57215786,1.965102196,-7.04229641,-0.681140482,-3.418673515,0.810365021,-6.7789440160000005,2.4403340819999997,-6.849133967999999,-1.5487470630000002,-4.652053833,-0.974154711,2011
33,perfect,0.348153025,3032.1971550000003,2841.677764,6611.273665,0.145901943,92.28515625,-116.3395615,62.90459442,0.7747069000000001,18.32265282,10.32564354,2.600468874,1.402576804,1.571978092,0.038735356,8.183570862,-5.359931469,2.073794603,-1.907688379,4.164525032,-1.073220372,1.8473143580000002,-0.997068822,4.50476265,-1.625793576,4.348238945,2011
34,whats_my_name,0.386809289,2268.745223,2328.614766,4711.562848,0.10145993800000001,135.99917763,-36.97143173,88.70035553,-8.599119186,24.60576248,-6.7151727679999995,7.514831543,-1.687212467,0.6658023000000001,0.10870785300000001,6.054297924,-6.536248207000001,8.350157738,-7.090441227,9.347436905,-5.417881966,3.19898653,-5.283266544,3.2777144910000002,-6.00751543,4.7271680830000005,2011
35,raise_your_fglass,0.41851449,3029.01377,2710.964324,6320.661006,0.157772151,123.046875,-56.08861542,57.98364639,-8.984577179,15.65228081,8.85321331,3.774547338,3.760925055,2.881314278,-0.89109838,7.377309322,-4.439592361,2.227530003,-2.758059502,6.147465706,-0.9331228140000001,2.125016212,-2.28969264,4.17932415,-1.463080406,4.296172142,2011
36,fire_to_rain,0.306349933,2584.7347649999997,2596.532421,5624.044024,0.11085185800000001,107.66601562,-56.39405441,72.8480072,-6.844995975,19.13430405,4.971945763,7.526273727,1.532318115,8.673794746,0.21501879399999999,11.65714455,-1.470068097,0.5397533179999999,-5.718695641,-1.082588553,-3.266184568,-1.428316474,-5.116668224,6.52391243,-3.393743277,5.380404472,2012
37,one_more_night,0.356224626,2916.7221280000003,2738.2707579999997,6172.004444,0.12827292,92.28515625,-26.82426453,59.21644211,-5.3138656619999995,15.24763584,-3.3384354110000003,5.85229826,-6.821644782999999,4.267584801,-2.948553562,4.460591316,-2.556493044,2.635546684,-2.9986810680000002,-0.544325709,-3.243362665,2.7516334060000003,-4.029427528,6.876577854,-0.132480323,5.930691242000001,2012
38,call_me_maybe,0.37025198299999995,2522.701881,2417.1832210000002,5226.643245,0.10965036,117.45383523,-113.12773130000001,63.21189499,-0.111548841,23.07891083,4.8324441910000004,5.244812965,1.316116691,4.106722832,1.090559125,2.771542788,-4.620118141,1.477273822,-3.445772409,1.3374679090000001,-1.236425281,6.566582202999999,0.622245073,5.057723522,0.802928805,5.139425278,2012
39,starships,0.391027302,3172.2774059999997,2782.6627829999998,6513.086598,0.171083927,123.046875,-0.008057097,58.92939758,-11.86870289,10.91252422,-4.415456295,4.983011246,-0.18464981,1.003439665,1.4270758630000002,5.44379425,-4.456486702,5.415445328,-1.1791740659999999,1.777684689,-2.54410243,1.176063657,-2.461781263,3.336061954,-2.218013048,5.758410454,2012
40,what_makes_you_beautiful,0.404706925,2897.343272,2640.2815100000003,6098.048779,0.146709337,123.046875,-21.72770309,67.99827576,-12.76322079,18.83091354,5.055722713,7.0732007029999995,-4.944208145,10.79919243,-2.122249365,11.71089935,-0.905730486,6.7491598129999995,-2.973406792,0.645004809,-3.0002162460000004,1.159927011,-4.10879612,3.404441595,-3.555707693,2.5717639919999997,2012
41,what_doesnt_kill_you,0.36712077299999996,2699.323937,2653.168528,5803.011047,0.122314375,117.45383523,-151.33279419999997,79.86037445,-6.8688206670000005,12.82408142,3.8434188369999998,6.089251041,3.874286175,5.437673568999999,-0.811663568,4.905769348,-4.538806438,3.7463846210000002,-1.056276083,3.8948142530000003,-2.3325555319999998,0.5961158870000001,-3.77167511,2.1154057980000003,-2.743566275,3.719559908,2012
42,somebody_that_i_used_to_know,0.260446936,1185.3991740000001,1539.0646199999999,2436.789831,0.046644770999999995,129.19921875,-342.6889648,99.06635284,7.663286686,27.86012077,7.884795189,12.28102398,4.644791126,3.791693211,-1.778410077,2.760673285,-1.320328832,1.908491015,-5.333331585,1.725985646,-1.120213032,1.8134461640000001,-2.533815622,0.205814809,-0.918961942,0.969415605,2012
43,light,0.34025883700000004,2425.027766,2572.000368,5226.323793,0.10526582699999999,117.45383523,-71.18031311,89.54201508,13.68267918,10.43040562,-9.470112801,0.544648826,6.875553131,7.095025539,-0.048537113,-3.835598469,-4.76058054,-0.859399378,-3.355596781,8.727263451,3.015992165,8.299971581,-0.7515625359999999,2.0239219669999997,-6.19605875,3.069303751,2012
44,drive_by_lyrics,0.395971894,2627.04686,2604.3660170000003,5665.2030780000005,0.110030973,123.046875,-39.85307693,67.22988892,-0.672372282,25.67704773,9.567958832,11.79409885,1.910708666,11.36383915,-2.723570347,4.074948788,0.492947459,2.153151512,1.630028129,1.55418849,-1.890383005,-0.850777268,-4.8785815239999994,2.095213175,-3.567070246,0.555811107,2012
45,wild_ones,0.39268133,2517.25216,2662.084273,5495.6080170000005,0.103036535,129.19921875,-15.5341568,85.41510009999999,-3.0009865760000003,18.00377846,5.600104808999999,6.538689613,5.276868343,2.5760474209999997,1.312379241,3.740211487,-3.077277899,2.1124937530000003,-3.7624342439999996,0.5164958829999999,-2.009810209,4.009897709,-1.137275457,7.766849995,-1.696839929,4.071407318,2012
46,payphone,0.36212363799999997,2458.7982690000003,2457.827133,5284.021328,0.10338859800000001,112.34714674,-97.89402771,71.42287445,-0.81033802,20.36249733,-0.13667918699999998,12.08397961,-2.6660380359999998,9.656074524,-1.780396104,5.186628342,0.320591927,4.883482933,3.5194888110000004,3.19597578,0.362058252,4.080724238999999,-6.015879631000001,1.526370645,-5.057856083,3.599988937,2012
47,sexy_and_i_know_it,0.476855814,3616.0133140000003,2977.407221,7147.133187,0.183067058,129.19921875,-16.59280014,54.00761414,13.54166031,6.121202946,3.352659702,4.066317558,-5.567249775,6.422864914,-4.263260365,9.620311737,-2.0494697090000003,7.759264946,1.474636555,6.881046772,5.280356407,8.408860207,1.105135798,9.631381035,0.049901303,3.302618504,2012
48,we_found_love,0.345310867,2767.983649,2603.792591,5776.7230850000005,0.12461590199999999,129.19921875,-87.00981903,60.75004578,-14.1023674,10.87628269,-0.6750009659999999,7.362075806,0.801329017,1.786622524,0.9518159629999999,2.312445402,-7.459843159,-0.039701726,-8.037517548,1.562458634,-3.3876144889999997,4.114087105,-2.5548689369999997,1.448859334,-2.8871500489999997,7.552044867999999,2012
49,good_feeling,0.418071508,2528.837802,2447.151487,5269.554682999999,0.11643694,129.19921875,-62.44266891,73.01872253,-14.59453869,14.915062900000002,4.043235779,2.78836894,-1.161450148,3.867500782,-8.424819946,1.967547894,-5.2157745360000005,1.0415411,-3.0873479839999995,-0.367924601,-2.069091558,1.96313417,-5.194098473,3.1185138230000002,-2.6849205489999997,0.821691811,2012
50,motto,0.515457749,2574.353561,2664.344608,5586.802742,0.08682592900000001,99.38401442,-122.6177673,66.62519073,9.185074806,24.59443092,20.2042408,17.51800156,0.486034423,13.83470726,2.332501888,9.91106987,1.939228654,10.05742168,1.3119076490000001,7.394399643,1.4839524030000002,6.525562286,0.864885151,6.8230490679999996,-0.9421978000000001,4.350395203,2012
51,glad_you_came,0.390634209,2794.125367,2770.524476,6240.910889,0.116310586,129.19921875,-90.76277161,64.84670258,8.489331245,15.8581953,12.312265400000001,18.91354942,0.265264183,10.09569263,2.469553709,7.0920443529999995,0.899117589,6.0204072,-3.115125656,6.0757012370000005,-0.490847766,0.989400446,-1.279513717,6.773996352999999,-3.7095980639999997,2.996865034,2012
52,wide_awak,0.34401118799999997,2317.085491,2369.8443899999997,4777.05753,0.109407005,161.49902344,-58.32120514,87.49645233,-5.256400585,21.21576118,3.203386545,6.293750762999999,-1.6550805569999998,1.756394506,-6.594447613,7.562876701,-9.231636047,0.794974208,-6.958298683,-0.8675924540000001,-4.730145931,-1.251615047,-3.141874313,2.347979069,-1.094618678,4.426084042,2012
53,fun,0.382650107,2036.624571,2291.523352,4261.366699,0.083883498,92.28515625,-65.71806335,102.0841599,-7.728921412999999,25.22776604,5.778420447999999,10.90879059,8.464006423999999,5.080448151000001,1.265409827,10.21781254,-1.685738444,4.003918648,-4.9710955619999995,2.7322776319999997,-1.95608139,2.567262888,-5.213385582,2.747792482,-6.493439198,0.063823216,2012
54,whistle,0.392714471,2890.496676,2680.626077,6108.064414,0.132210779,103.359375,-130.1118622,60.52793121,-3.010273695,17.83486366,10.26144314,9.806847572,-2.9230670930000002,8.566894531,-7.5078425410000005,4.099914551,-1.9754933119999998,1.2367435690000002,-1.6790574790000001,1.43729496,-2.323798895,1.269932151,-7.137947082999999,-0.019092256000000002,-4.766784191,-1.5576702359999999,2012
55,ho_hey,0.34768343,1710.342746,2108.133599,3568.4202960000002,0.070218869,161.49902344,-137.7992401,119.33045200000001,-2.9222016330000002,18.28549385,-1.129137278,2.99634552,1.271010995,1.8869854209999999,-1.990520716,5.1556830410000005,-3.727887154,-1.928287864,-8.048944472999999,-1.6163376569999999,-5.020642281000001,-5.229123592,-8.130261421,-0.146295547,-5.126324653999999,2.122873783,2013
56,wrecking_ball,0.29072246,2421.720691,2493.408008,5074.869449,0.10521777800000001,117.45383523,-85.8470993,81.37012482,-2.736672163,15.83367538,-7.303435326000001,-3.398646355,-2.4288291930000003,-4.9518704410000005,-3.130935192,-1.6240459680000001,-12.19778919,-0.104909405,-9.78256321,4.974564075,-4.982007027,3.857672453,-0.50575918,-0.37216806399999997,-3.353697538,3.008918047,2013
57,locked_out_of_heaven,0.346125096,2106.418808,2336.194532,4549.496735,0.08837144300000001,143.5546875,-88.92043304,92.98268127,0.026878422000000003,23.42279625,2.560093403,12.49522972,0.194917724,8.74744606,6.879667282000001,9.883838654,1.746240377,5.582435131,-2.595627546,0.361381561,0.959279001,5.029840946,1.237911344,2.759539843,-4.5950613019999995,2.1527121069999997,2013
58,wake_me_up,0.39757475299999995,2594.329204,2575.059619,5606.671729,0.120811493,123.046875,-44.01773834,76.43019104,-6.761934757000001,17.85148239,7.271138668,10.34664345,-2.2268788809999998,7.212610245,-7.9780063629999995,4.201247215,-3.6527614589999997,1.185943723,1.384839416,-0.6900836229999999,-6.354325771,7.517652512000001,-9.013596535,-1.555954099,-7.559989928999999,-1.6907249690000001,2013
59,blurred_lines,0.424162775,2253.424823,2634.34202,5138.863816,0.081029752,117.45383523,-139.9963531,85.10636902,16.14757538,14.66813278,10.45182514,8.030000687000001,-5.751679897000001,7.479622364,1.595891833,2.8062093260000003,-3.2969844339999996,5.702912331,-0.028885944,1.956991911,0.57971698,6.833080292000001,-7.693927287999999,2.9797253610000003,-1.11357069,1.45635128,2013
60,mirros,0.37191957200000003,2016.9359100000001,2126.721227,4075.4314340000005,0.092592391,151.99908088,-97.74698639,100.766571,-12.92993069,28.05350304,-3.540075779,4.7539453510000005,-3.3329915999999997,8.428535461000001,-2.8507010939999997,4.391964436,0.263922274,3.4585895539999996,-4.303758621,-0.8734973070000001,1.689768076,4.194561958,0.099860065,7.309975624,-0.7880944609999999,3.59832859,2013
61,suit_tie,0.444592029,1851.37858,2272.192349,3895.136629,0.062337102,103.359375,-82.11971283,105.1256104,3.422426462,23.15551186,11.09267712,10.25772476,3.388404369,11.49878979,1.121662736,9.475502967999999,1.091369152,1.094100833,-3.82843852,5.1020560260000005,1.9580959080000002,7.552951813,3.1094031330000003,7.020546436,1.09424293,3.792455435,2013
62,radioactive,0.374486655,1916.8962789999998,2071.736005,3966.9001719999997,0.089133049,135.99917763,-39.52174759,109.39029690000001,-17.84410667,27.58669853,-3.6893703939999996,8.839110374,-7.026537895,11.34770107,-7.354310036,5.614439487,-4.222375393,5.536441326,-2.545262814,5.158204556,-3.6937723160000004,4.449434757,-7.565176964,1.0816444159999998,-3.452635527,1.8250737190000001,2013
63,when_your_man,0.24983662399999998,1559.640801,1862.23313,2905.222419,0.068447778,143.5546875,-197.3469543,124.8722153,-6.461824417000001,4.101834297,0.603528142,-7.655826092000001,-11.21656895,-10.29112053,-13.419408800000001,-3.531647682,-9.83854866,-10.4719944,-9.856716156000001,-7.394246101,-7.812945366,-7.965315819,-10.13435078,-7.66307497,-12.74951267,0.851692855,2013
64,cant_stop,0.384080827,2904.386032,2760.974184,6260.542443,0.12656789599999999,161.49902344,-70.44486237,59.7155571,-2.830106497,19.30138397,-0.637783468,6.395994663,2.83498311,5.125965118,3.5150122639999997,8.199311256,-2.129062414,8.466562271,-4.50996542,7.54039669,-3.925099373,2.382140636,-0.859160721,1.5330331330000002,-4.792734623,3.222597361,2013
65,harlem_shake,0.49988785399999996,2834.5121719999997,2735.113957,6137.859057,0.091982081,135.99917763,-45.34481812,58.30783081,-0.726864576,30.85283089,1.85937655,6.943862915,-5.228413105,5.406374931,-6.040447712000001,5.154144287,-5.000762463,6.344580173,-4.988320827,3.267362356,-5.503032684,0.203386277,-4.115055561,3.799522877,-1.2902209759999999,7.735341549,2013
66,i_knew_trouble,0.373153031,2722.554842,2622.947544,5613.9938170000005,0.127449208,103.359375,-112.0756531,69.11618042,-7.650633812000001,25.49022865,4.674734116000001,3.489299297,9.607242584,2.695303202,4.963780403,3.705467224,-9.956476212,7.086079597,-6.358424187000001,4.204453945,-2.403464079,4.258718967,1.19886446,2.9861340519999997,2.509049654,4.955003262,2013
67,roar,0.39244291200000003,2236.592635,2333.606544,4721.094676,0.08666960300000001,89.10290948,-77.78100586,86.21665192,-11.36326694,29.32767296,1.290908694,8.173754692000001,5.304032803,12.02226925,3.716876507,9.384889603,-3.8437924389999996,4.973797321,-2.023248911,3.4663405419999997,1.54095006,3.0273544789999995,0.814678848,2.8406305310000004,-2.894411564,3.13332653,2013
68,give_me_reason,0.374689341,1772.1158079999998,2094.3917100000003,3659.6658429999998,0.079508657,95.703125,-131.07891850000001,114.91824340000001,-0.134425715,20.20164299,9.704027176,3.938292742,9.694422722,6.189451694,-0.518092573,5.978975296000001,-7.074855803999999,4.289860725,-3.25331378,4.513324261,-2.9568641189999996,-0.045191385,-2.544778585,4.243975638999999,-1.7108134030000002,1.9137872459999998,2013
69,cant_hold,0.393700719,2390.490717,2446.222135,4969.742868,0.102708631,143.5546875,-21.234920499999998,88.86083984,-14.20483303,18.88246346,2.915537596,4.400974274,-4.465188026,7.176466942,-4.937152386,9.175460815,1.3859483,5.009012222,2.50154233,3.5373346810000004,-0.44057294700000005,4.074225903,-5.802502632,3.761915445,-1.910000205,3.44943428,2013
70,stay,0.285427302,1245.778826,1650.449123,2347.171143,0.056360637000000005,112.34714674,-168.873764,160.4117737,3.4515485760000004,7.15485239,4.817398071,-5.490934848999999,3.371400595,-6.002274036,-3.139974356,-3.7341625689999995,-10.72857952,-1.7857394219999998,-9.335251807999999,-0.99173075,-9.869994164,-4.799621105,-9.05964756,-5.907766342,-4.808094978,1.954799294,2013
71,line_cruise,0.38455531,2727.721729,2534.413642,5585.339671,0.14478169300000002,143.5546875,9.431555748,74.91843414,-14.56714058,19.55393982,-2.198185682,9.438642502,-3.557243109,5.736027718,-1.881429553,2.718526602,-3.494167805,4.333263397,-6.481604099,1.002100945,-4.3616166110000005,2.170770168,-5.19492054,-0.46716687100000004,-6.469513892999999,-1.3847953080000002,2013
72,thrift_shop,0.41918814200000004,2720.5746480000003,2524.224181,5530.65852,0.113595763,95.703125,-86.67193604,66.00694275,-7.408448696000001,12.67386436,0.084697574,8.086377144,-4.29709053,4.61208725,-2.2155013080000003,4.837651253,0.662540376,8.235812187,0.594025791,4.636891365,2.307611942,7.768675327,0.10385987199999999,5.608946323,-0.391912699,2.1990163330000003,2013
73,get_lucky,0.428858012,2154.2156440000003,2621.110943,5055.576861,0.075036235,117.45383523,-131.16242979999998,92.16053009,15.99874973,32.03016663,16.98373413,11.60806179,1.40338552,6.444344997000001,0.5421028729999999,5.701191902000001,-1.9632587430000001,3.4688634869999997,-4.303571701,3.393420219,-1.3300181629999999,3.59012866,-2.272607565,5.129025459,-1.283340693,3.8668868539999997,2013
74,talk_dirty,0.467989802,2708.5324010000004,2566.93438,5565.623378,0.12208139300000001,99.38401442,-71.37955475,64.71417999,-14.04574776,16.52636719,0.212357938,1.8449234959999998,-6.1715979579999996,4.951090336,-3.902079821,7.740305424,-4.442751408,2.385056973,-3.22530365,5.9090838429999994,-1.883190155,5.544444561000001,-1.176687002,3.459032297,-2.587786436,1.896809578,2014
75,timber,0.399781644,2746.253248,2592.6142839999998,5738.346455,0.12937944099999998,129.19921875,-28.54057503,65.24177551,-8.300895691000001,16.88443756,0.217108548,6.261910438999999,3.03869319,3.4836320880000002,-1.4639441969999998,5.51050806,-5.627911567999999,4.411659718,-2.4146106240000003,0.419403821,-1.121737838,4.088562489,-2.43540287,1.258596063,-3.6670432089999996,3.298537016,2014
76,problem,0.388518929,2634.023881,2635.073142,5518.798977,0.109608569,103.359375,-70.65019989,70.42900848,-7.309465885,17.58659172,1.889847159,3.06357193,4.636363506,1.7471719980000002,4.803697586,11.07197189,-5.8427457810000005,5.127155781,-3.0092227460000003,5.647312164,2.7000551219999998,4.8543806080000005,-0.821603835,3.46655345,-1.6311966180000002,2.469042301,2014
77,pompeii,0.40486598,2122.287135,2337.164507,4387.01271,0.08800024099999999,129.19921875,-173.2653656,97.06388092,-7.695829868,18.57972145,8.475529671,4.751693249,2.9169795510000003,4.7899718280000005,-7.529537201,5.215583801,1.248882532,3.8456320760000002,4.454997063,1.4988507030000002,-0.614262223,5.413559437000001,-6.352199078,-2.006744385,-0.258209556,-1.92855525,2014
78,monster,0.410606533,2690.3979050000003,2590.437633,5487.956639999999,0.12367388,112.34714674,-33.55351257,75.53076935,-9.273867607,21.47344589,10.50839138,3.752389669,2.3527371880000003,6.584238052000001,0.324389935,6.3327388760000005,-3.6080713269999998,4.037049294,-7.576902866,4.009042263,-5.824052334,3.8028478619999997,-1.044014215,1.847362399,-3.3440506460000003,1.9983557459999999,2014
79,say_something,0.26991736899999996,1413.168932,1659.680054,2648.547132,0.068258791,135.99917763,-229.93515010000002,121.8109512,4.478682995,17.75432205,0.284582138,-0.242036805,-1.5711895230000001,-3.663878202,-7.716550827000001,-0.14181475300000002,-10.357855800000001,-6.453983307000001,-9.668061256,-9.497843742,-10.72344208,-10.35552502,-12.12721729,-7.249885559,-10.46021843,-6.465497494,2014
80,royals,0.415361524,1605.710067,2002.27141,3353.149649,0.055849402,86.1328125,-175.0156708,93.52587891,11.48925018,32.5920105,13.44972992,8.853196144,10.02483559,8.557073593,8.293105125,5.282388687,7.196801662,7.909325599999999,0.880703866,7.380576611,-0.36164546,2.7664782999999997,-0.372600824,5.380619526,1.658880234,6.238759041000001,2014
81,all_about_bass,0.41403693,2164.749707,2284.677277,4566.090329,0.090094484,135.99917763,-63.59123993,96.38729858,-3.710223198,25.40300751,-4.461758614,11.319740300000001,-0.039962564,0.23759304,-0.7191085220000001,6.227446556,0.83062315,4.159898758,0.110945314,4.389208794,-5.373116016,6.1760993,-1.802169561,0.25952032199999997,-4.208198071,0.345697343,2014
82,counting_stars,0.38519272200000004,2282.3613649999998,2502.15944,5038.727804,0.094052299,123.046875,-48.70678711,90.71945953,3.83660388,27.44468307,1.3217091559999998,11.46207619,0.8598367570000001,2.724320173,-6.947309494,6.884717941,-3.9270229339999996,3.7396881580000003,-5.37128973,2.355669737,-0.8232536909999999,-0.35401839,-4.58080101,3.204774857,-3.3182587619999997,2.507995129,2014
83,turn_down,0.523455918,2873.469387,2740.6867469999997,6077.057097999999,0.110607649,99.38401442,-66.84067535,52.15721893,-1.851067662,14.137186999999999,12.84316063,19.67157173,7.09333849,14.15733242,5.042822838,6.5633082389999995,3.539412498,5.948183537,-1.186247349,4.08930397,-1.035426736,2.073038816,-0.5756965279999999,4.824753284,1.5677590369999999,5.158741474,2014
84,all_of_me,0.22758393,1867.741489,2106.471544,3868.203906,0.079487048,123.046875,-150.5090179,104.28297420000001,-4.232304096,8.244835854,-8.921042442000001,-6.451910019,-21.15189552,-9.448851585,-22.9017849,-8.327753067,-10.49168301,-8.681834221,-13.54040909,-7.944834708999999,-7.486449717999999,-2.8890206810000003,-13.35377121,-0.877205968,-0.37448635700000005,-0.7736771109999999,2014
85,fancy,0.438847095,2816.698859,2477.944861,5509.9387,0.145017066,95.703125,-69.59480286,66.99620056,-12.29116344,22.84648895,4.501242638,6.392026901,3.7638700010000004,4.245116234,4.04765749,12.76714134,-0.7649753690000001,10.76172256,1.70294261,5.8515653610000005,-0.20812313300000002,4.755733013,-0.23722674,5.992096901,0.057751805,8.519717216,2014
86,stay_with_me,0.359113365,1296.633532,1785.023314,2614.983852,0.047656198,86.1328125,-128.7833099,138.85186769999999,11.1164465,18.44289398,8.264844894,15.40471745,5.231118679,8.933393478,1.797335744,3.087435007,2.081171513,1.980588913,2.9855267999999997,3.650773048,0.741370678,6.389356136,-7.0916309360000005,3.1500191689999997,-3.300089121,0.48681882,2014
87,rude,0.353808433,2136.0806199999997,2228.8129989999998,4470.80033,0.09304295300000001,143.5546875,-94.97740173,85.2317276,-9.985560417,22.25963783,8.006797791,6.489673138,-3.227882862,6.652606963999999,-6.234297752000001,10.33463383,-7.993886471000001,7.235800266,-3.881770134,0.5765944120000001,-0.720598161,-1.9656385180000002,-7.7003316879999995,4.669593334,-2.230038881,-1.933674932,2014
88,shake_off,0.43054077,2677.971727,2596.323264,5515.145833,0.127990815,161.49902344,-39.85058975,75.37055969,-12.39468765,15.91607094,3.625449896,8.129056931000001,4.466214657,4.884740829,2.263717413,6.299604893,-4.365609169,7.228718757999999,-2.108782768,7.265067577000001,0.376859844,4.47479248,0.957516193,3.510167122,-1.7240384819999999,3.117578745,2014
89,let_her_go,0.327448487,2022.5929260000003,2348.407823,4379.495089999999,0.075987357,151.99908088,-124.2611237,95.97141266,10.39533997,25.08469009,7.307355881,5.054992676,1.012773156,2.040091038,-4.956609726,-1.013375521,-8.852296829,-4.380878448,-5.189396381,-1.674277306,-8.976309776,-3.321600676,-6.148610592000001,0.287104934,-5.001478195,-1.929817915,2014
90,dark_horse,0.42589283,2012.378729,2407.357684,4425.506688,0.06574057900000001,129.19921875,-77.30783081,95.42392731,1.766533256,22.55389786,12.12341881,12.01144505,0.48734358,9.672158241,4.72137022,6.6333103179999995,-2.388725519,8.475990295,1.928928137,9.414761543,2.1432712080000003,4.891946793,0.02091933,-1.3678685430000002,-2.922488928,5.1085371969999995,2014
91,am_i_wrong,0.360090494,2080.2010809999997,2301.946222,4417.695747,0.09195477699999999,117.45383523,-99.68832397,92.87956238,-6.762339115,17.81583786,6.788871765,7.6533017160000005,-3.322148323,6.027314186,-3.9314851760000002,2.444406033,-1.2787489890000001,1.605719209,-4.245770931,1.592654705,-5.469356537,0.167132065,-7.015307902999999,0.265420705,-2.822547674,0.7360213990000001,2014
92,team,0.383706331,2153.887084,2383.350219,4601.889015,0.08617444199999999,99.38401442,-112.80839540000001,86.54917908,9.731276512,24.95757103,0.899935484,9.144292831,-3.181570292,5.9655671120000004,-1.365522146,6.273477077000001,-2.367268085,0.9807196859999999,0.74588573,2.9852287769999997,1.377886295,3.022298813,2.912160397,4.673309326,0.8980258109999999,6.856515408,2014
93,happy,0.37332662899999997,2785.75311,2995.210881,6584.928178,0.112475169,161.49902344,-70.01604462,76.44999695,27.53228951,19.54380417,12.68544579,-0.52318275,-5.194494724,7.098727226,-2.863191843,-1.094247341,-7.8156228070000004,5.059155941,-7.508172035,-0.594362319,-1.079743981,0.877515435,-5.033772469,4.492797375,-1.8704911469999999,5.614442348,2014
94,bad_blood,0.423256189,2351.1036679999997,2618.9197010000003,5277.865345,0.088338029,89.10290948,-134.14176940000002,76.02976227,13.04607391,25.87510109,4.518491745,9.36928463,5.257854462,7.202804565,3.4904057980000003,7.589607716000001,-2.084666491,4.476282597,-1.120596766,5.212758541,-1.6845244169999998,4.633711815,-0.621067584,3.131877184,-1.818594456,2.7248594760000002,2015
95,blank_space,0.384135276,2636.94252,2541.103619,5378.797258,0.123424271,95.703125,-105.0918045,73.40084839,-1.879992485,23.269907,-4.014613628,0.280703425,2.519562244,2.3445773119999997,3.0258638860000002,7.413651943,-6.081943035,3.619978428,-6.11934948,3.9742064480000003,-4.618302345,2.2405729290000003,0.139967322,4.052905083,1.198175907,9.610618591,2015
96,lean_on,0.42240765700000005,2632.104269,2519.292127,5519.631032,0.107970946,129.19921875,-64.10627747,74.52817535,-3.768096685,15.34956074,-0.33609154799999996,21.32670021,4.190694809,11.38110161,7.453541756,9.455169677999999,-4.6978812219999995,-0.36102482700000005,-7.371706962999999,2.761088848,-4.9279003139999995,4.830891132,-0.576340199,2.960881472,-1.4192377330000001,5.163221359,2015
97,shut_up_dance,0.417033672,2750.109187,2603.5077079999996,5755.2650490000005,0.124776634,129.19921875,-4.987126827,69.67144012,-5.045730591,29.46237946,1.027263761,14.34564686,0.605763495,6.962883949,-0.41045379600000004,8.594589232999999,-0.162735179,7.410998821000001,-1.712169766,5.853046893999999,-2.093166351,6.012568951,-2.542783499,6.373315811,0.197088286,1.573979974,2015
98,want_want_me,0.38723945600000004,2822.756297,2717.400934,5984.192688,0.118484425,112.34714674,-50.22783661,66.08806609999999,3.771984577,25.47767639,3.38655138,12.95459843,3.196482182,10.38950157,-0.7406317590000001,8.297952652000001,1.2085820440000001,3.596693993,-0.211422831,6.421469212000001,-2.496037245,3.445155621,-4.668048859,3.0168135169999997,-2.642866373,2.191372395,2015
99,cant_feel_face,0.368631631,2266.694953,2540.635531,5035.395522999999,0.08470096,107.66601562,-68.97363281,90.34984589,16.30821991,20.02217293,5.270300388,10.4837656,2.928057194,10.95053005,-1.716339588,9.594553947,-0.107566766,3.585656404,-3.7228410239999996,6.593834877000001,-1.728948951,5.117324829,-2.018408775,1.700370669,-5.8231782910000005,2.21483922,2015
100,where_you_now,0.349529594,2424.7028219999997,2639.600947,5560.366107,0.077826508,135.99917763,-160.4641418,80.47777557,11.76169682,22.31304359,-0.040210683,0.274202853,0.935951471,7.082479954,1.276112318,10.957419400000001,-3.429630995,1.599737763,-4.670575619,3.4265196319999998,1.361022115,3.2915720939999997,0.667500138,6.401283264,-2.882723808,0.798959553,2015
101,shake_off,0.43054077,2677.971727,2596.323264,5515.145833,0.127990815,161.49902344,-39.85058975,75.37055969,-12.39468765,15.91607094,3.625449896,8.129056931000001,4.466214657,4.884740829,2.263717413,6.299604893,-4.365609169,7.228718757999999,-2.108782768,7.265067577000001,0.376859844,4.47479248,0.957516193,3.510167122,-1.7240384819999999,3.117578745,2015
102,earned_it,0.313545227,1963.98247,2303.312593,4298.827728,0.08174299900000001,123.046875,-178.483429,108.93885039999999,6.099046707,16.48818207,5.352545738,2.085372448,0.133155555,6.977176666,-7.941370964,9.168349266,-2.628827572,3.235387087,-4.612333775,0.9070401790000001,-8.247056961,2.03989768,-0.514907539,4.56341362,-2.6943349839999997,4.7919440269999996,2015
103,cheerleader,0.396015912,1691.827852,2136.776373,3566.337697,0.055949399000000004,117.45383523,-146.33895869999998,114.26253510000001,1.498975039,18.07369041,4.533812046,5.620174408,-0.483979613,7.636908054,-2.8196241860000004,5.436249256,1.501000404,5.460879802999999,-1.83414197,0.217473671,-0.5378568770000001,3.5837173460000002,-2.668246746,1.79982698,-6.433727264,0.28103593,2015
104,thinking_loud,0.327929348,1777.244272,2127.50958,3742.307129,0.070201822,161.49902344,-136.37762450000002,105.26918789999999,10.98148441,32.414814,12.75471497,11.31528187,-3.552467108,5.38462019,-3.92942524,4.321715832,-3.7971665860000003,1.9099674219999998,-5.80186367,-2.15384841,-3.949708223,-0.421757996,-4.495764732,1.476898551,-3.6696438789999997,3.0116407869999997,2015
105,uptown_funk,0.483866155,2723.966519,2547.374448,5515.398204,0.14218477300000001,117.45383523,-75.20462036,70.49770355,-10.44713879,18.5453701,0.451081544,15.42904282,0.17607606899999997,7.280962944,0.11167883099999999,5.690398693,3.914419889,7.49586153,-0.5281665329999999,5.705021857999999,-1.476380825,3.05215621,-3.421949625,2.936843872,-2.8230431080000002,4.742575645,2015
106,see_you_again,0.322419047,1816.2210460000001,2151.712599,3793.603533,0.066019704,161.49902344,-153.4312592,103.1862488,10.57446671,17.28864098,0.43494007,10.68731499,-2.767736673,2.4899179940000002,-2.555553436,1.548696756,-0.22145772,0.299834728,-2.854553938,6.145834446,-0.6421576139999999,3.0593273639999996,-1.526169062,2.630875587,-3.2432901860000003,3.137111664,2015
107,watch_me,0.385961354,2583.290051,2328.354195,4915.976496,0.12655787400000001,143.5546875,-128.1550293,64.9254303,-32.18990707,8.379253387,-10.23941612,-16.8764534,-9.627420425,-13.27268887,-10.93450737,1.253534079,-9.111545563,3.67004323,-4.996569633,-1.0575151440000001,-0.077471688,4.001803398,-4.618650913,7.815054417000001,-0.18038791399999998,2.236715555,2015
108,take_church,0.34663352399999997,1593.952055,1976.814041,3284.8708739999997,0.06671577,129.19921875,-73.85712433,134.0690613,-1.187564731,21.33928871,10.36659718,5.412009239,-6.166954994,6.421768188,-11.49341679,7.754860878,-7.163252354,1.322328806,-0.271474212,-3.945864916,-6.66300869,6.108099937,-11.4577961,-0.7552542090000001,-1.103169322,-0.9252436759999999,2015
109,the_hills,0.38185668,1844.688703,2128.865834,3858.295279,0.067621035,112.34714674,-109.76049040000001,109.6448593,-4.212684155,13.25124264,-2.584499121,-1.7362381219999998,-0.854501545,-0.6820948720000001,-11.09275246,2.6957204339999996,-1.783382535,-0.7724041340000001,-3.54473114,3.41459775,-6.340066433,-0.761312366,-5.281386375,-1.028994083,-3.63281846,3.096102715,2015
110,fight_song,0.353924096,2597.720358,2641.874229,5515.467311,0.12042681,117.45383523,-74.39367676,86.12281799,4.767163753999999,8.077079773,2.753705502,4.90289259,8.038887978,-0.919625998,3.3117067810000003,8.955859184,-5.25920248,6.086366653,-2.8832516669999997,2.3537187580000003,2.619717121,7.438683987,2.191278219,7.613134861,-0.45018419600000004,4.700251102,2015
111,trap_queen,0.362405419,3407.4726619999997,2852.162393,6877.700598,0.170975099,99.38401442,-92.10044098,48.37014008,-4.9766254430000005,1.280436516,-5.73176384,5.378141403,-13.91825581,2.670469522,-7.15231514,6.858995437999999,0.334536433,4.431600571000001,1.064146161,2.754745722,-0.414307624,5.622976303,-5.9834308620000005,1.577783585,-0.8219152690000001,4.663397312,2015
112,sugar,0.350446552,2425.682546,2548.424593,5259.13442,0.103359079,117.45383523,-81.88449097,85.40040588,8.772819519,27.62519646,4.107960224,7.683133125,-5.592325687000001,2.0933249,-4.9708995819999995,2.133928299,-3.322288752,2.068421125,-0.7222621440000001,-1.847660303,-5.266994953,-1.464934945,-9.073670387,1.821220279,-3.371263266,0.342437714,2015
113,love_like_you_do,0.32549759699999997,2062.4325710000003,2234.222515,4306.580283,0.09065006,95.703125,-128.7552185,101.60144809999998,-2.400346041,18.71749496,-0.7266132240000001,2.591291904,-0.719121158,-1.2979743479999999,-2.591309547,1.917447686,-7.692250252000001,-0.7681361440000001,-6.599968433,0.96156019,-4.687226772,3.245820522,-1.154426217,1.588546276,-3.7005908489999997,-1.521116853,2015
114,this_is_what_you_came_for,0.357883155,2474.4434699999997,2615.941061,5437.230364999999,0.10261116199999999,123.046875,-43.60828018,84.96831512,0.282484919,10.51103401,0.46238568399999996,4.176323414,0.46839290899999997,-0.40184867399999996,-3.9087719919999997,-1.72305572,-5.462563992000001,0.756085575,-4.247862339,4.465358734,-3.7038273810000004,2.0639069080000003,-4.685369015,-0.014345265,-2.597044945,3.9458007810000004,2016
115,ride,0.36471948,2456.531798,2532.436485,5203.7831049999995,0.105060901,151.99908088,-166.7932587,87.03285217,-3.206527472,9.662647247,2.938442945,3.8030059339999998,2.517827272,5.414318085,-0.526186943,12.13442421,-2.007670641,4.3468298910000005,0.707103074,3.460243225,-0.483923823,2.322243452,-2.715447187,4.057398796,-3.0645802019999997,4.067080021000001,2016
116,cant_stop_feeling,0.41805872299999997,2600.193136,2561.30033,5442.665015,0.121778817,112.34714674,-71.13109589,80.21232605,-6.5860342979999995,17.05556488,7.323771000000001,6.255651951,-7.173396111000001,3.0123493669999997,-4.296209812,3.742765903,-1.6086697580000002,4.280725479,-2.9027612210000004,4.608546734,-3.97437191,-0.73219353,-4.817777634,2.5813727380000002,-5.849395275,0.254138231,2016
117,pill_ibiza,0.369708419,2388.406371,2481.177013,5046.669369,0.09716733300000001,103.359375,-57.46154022,87.12690735,-6.456487179,16.0597477,4.893597603,9.219518661,-1.941358685,4.260995865,-3.8663461210000003,1.257376909,-4.393781662,0.158965081,-2.895181894,2.650415421,-5.0380773539999995,-1.29080534,-6.038533211,-0.103029929,-7.19090414,-1.216804385,2016
118,7_years_old,0.326080352,2130.418705,2373.81493,4497.65479,0.086337162,117.45383523,-130.6602173,100.25001529999999,7.383262633999999,14.39477634,3.786964655,2.73004365,-3.7707726960000003,3.6522979739999997,-10.95560169,6.043950558,-5.393986225,-0.17941194800000002,-6.052178382999999,0.518936515,-3.898049593,-2.242356777,-6.501276493,-1.241021514,-4.560433388,-3.304513454,2016
119,dont_let_me_down,0.375738591,1910.641115,2078.036947,3901.171867,0.080821567,107.66601562,-102.01316829999999,105.5958557,-13.49958229,27.55973434,2.364185333,1.7287603619999998,6.153979301000001,2.5377378459999997,-0.257669002,1.719577909,-5.887831211,4.450406551,-8.590316772000001,8.199184418,0.10952659699999999,4.038799763,1.2862139940000001,1.8296052219999999,-5.408361912,0.423149496,2016
120,me_myself_i,0.407335281,2433.272148,2663.734752,5412.841405,0.0842844,112.34714674,-77.44441986,83.17388153,8.392455101,23.86633492,6.462695122,8.767364502000001,3.909699678,2.868278265,3.199606895,4.608308792,-2.2646889690000003,4.258820534,-2.683624029,3.826105118,-5.7032241820000005,1.9662342069999998,-6.461474895,3.241864681,-0.865954518,1.07992661,2016
121,cheap_thrills,0.362445533,2299.097753,2317.53412,4694.0692770000005,0.105403493,89.10290948,-130.5095978,71.82608032,-11.54797935,16.66750908,4.074671268,-7.305412769,6.917471409,-11.07189178,-2.2744410040000003,0.92943269,-11.30741692,1.28936255,-6.859881401,2.8709979060000004,-2.566291809,6.475871562999999,1.956329107,9.498767853,2.678041935,7.466105461000001,2016
122,my_house,0.388891011,2229.92492,2346.034491,4825.961685,0.09901258,95.703125,-88.94403076,90.13655853,0.019298231000000002,20.89968491,3.8099014760000003,7.5484991070000005,-6.162029266,8.960894585,-10.22269058,4.620672226,-3.173159122,3.639799118,0.666279614,-0.580848873,-0.5947346689999999,3.6430883410000003,-5.530629635,0.9214968090000001,-4.182192802,-1.254483581,2016
123,hello,0.30034762600000003,1943.2687230000001,2387.669696,4344.760651,0.077589533,143.5546875,-297.7541199,104.14816280000001,39.90689468,16.879673,10.17565441,-0.163032278,14.02139378,-7.435993195,0.990235627,7.733786106,-14.29403019,0.167122185,-12.77641869,1.569289804,-4.853486061,-2.257745028,0.40352284899999996,-0.838622451,-6.075428486,-0.632971346,2016
124,panda,0.489576012,2472.364321,2310.37072,4831.977678,0.11345777900000001,143.5546875,-104.90349579999999,71.69891357,-15.50286579,28.99407768,10.81117725,12.15230083,-4.633983612,4.725875854,-1.3591448069999998,11.72396088,2.463679314,10.23141479,2.860018969,5.895426272999999,2.566905737,12.15073013,3.4906520839999997,10.54786396,3.33757472,6.461213112,2016
125,cake_by_the_ocean,0.40434715200000004,3100.7303699999998,2815.7266449999997,6526.50469,0.153709918,117.45383523,-46.51512527,60.12379456,4.064637661,16.34420395,3.042401075,8.01061821,-3.785642862,3.6150970460000003,-2.889946938,6.591422081,-1.7193536759999999,2.4621431830000002,-2.452121258,3.487448692,-1.879314542,3.787786007,-3.106119633,2.7404170039999998,-1.7374953030000002,4.088151455,2016
126,sorry,0.38798368,2227.6284100000003,2571.2628210000003,5024.126550999999,0.080885788,135.99917763,-55.99677658,101.6820679,3.520298243,10.62283039,6.787637711,0.33338809,-2.476528645,2.7454490660000004,-2.89031744,5.65883255,0.44761654700000003,5.822118282000001,-0.655124128,3.6819763180000002,-0.71494323,1.195069551,-3.308464289,3.2574846739999996,-2.8234231469999997,4.08528614,2016
127,love_yourself,0.29873997,2093.667545,2354.53408,4319.695237,0.09671116,99.38401442,-166.7521362,104.2920303,5.388849735,-5.992489815,2.119688272,-11.50439358,-14.96179867,-2.254619598,-12.37621498,-6.320313931,-12.84155369,-6.195018291,-9.392939568,-8.495684623999999,-6.704108715,-7.7431759829999995,-9.81964016,-1.676053047,-12.93800068,-3.03386569,2016
128,stressed_out,0.40479669,2630.496732,2688.439395,5667.305403,0.10685339,172.265625,-72.90686798,79.29580688,23.21560478,24.55405235,6.474273205,8.750621796,4.490180016,6.65068388,-0.874218941,10.30853462,-5.069284439,5.599985123,-3.306706667,2.563835859,-1.562622309,2.405616283,-2.068990946,5.252779961,-6.284431934,0.450433701,2016
129,work,0.394505262,2312.3513399999997,2593.819627,5164.045347,0.087719956,103.359375,-135.6680145,91.07487488,1.749340892,1.652091622,2.194010973,-3.243380785,-5.580243587000001,0.133115798,-3.5140903,4.4463553430000005,-2.295434713,6.338242054,-1.039179921,7.48804903,0.437575459,6.033760071000001,-2.628889561,4.680354595,-1.873365879,2.290217876,2016
130,one_dance,0.44538602200000005,1982.0778260000002,2386.4105289999998,4472.512822,0.064240097,135.99917763,-128.0110626,94.60973358,10.89199066,24.24461746,5.929743767000001,8.440306664,-0.276081502,11.36497974,-3.421245098,4.474141598,1.9113550190000002,0.170928672,-0.095990613,6.979086876,2.167162657,2.43834734,-2.7158102989999997,2.30150032,-0.55032289,3.127870321,2016
131,needed_me,0.39540162700000003,2109.920901,2426.470096,4585.808440999999,0.077615513,112.34714674,-140.7661896,79.96767426,4.724084377,21.60143852,5.742877007000001,5.042706966,10.94768715,-0.451556355,4.872533321000001,3.672783136,-3.385157108,6.5941810610000005,-1.191081166,17.65013885,2.707707405,2.163900375,-0.535539567,5.666680336000001,1.195906997,5.6828036310000005,2016
132,havana,0.382336289,1962.115343,2289.9857039999997,4234.133006,0.078022428,103.359375,-88.00132751,109.6675186,2.9255368710000003,12.26664543,-3.060485363,8.465790749,3.733213425,-3.4181513789999998,4.052614688999999,2.531979084,-4.532838821,3.3976807589999996,-1.697867632,3.925749302,-2.191694498,4.843540192,-4.72811985,0.130238548,-4.8320488930000005,-1.90933609,2017
133,unforgettable,0.440999866,1793.2724079999998,2032.5405449999998,3691.375616,0.075372015,129.19921875,-80.34026337,113.88146210000001,-6.458833218,22.666215899999997,7.517451286,8.712925911000001,-1.7576801780000002,6.520843029,-5.612407684,7.338235377999999,-2.207197905,5.746148109,-1.4334414009999998,0.758554161,-1.113870621,0.992260039,-5.073601246,2.065433264,-5.040203094,2.44522047,2017
134,congratulations,0.377124786,2111.618258,2105.641436,4238.765257999999,0.102661364,123.046875,-58.05482483,110.70040890000001,-20.31270027,14.89626217,-0.8947407009999999,5.699103355,-3.675336123,4.634488106,-3.912776947,-0.554316998,0.377392471,2.064369202,2.831938028,-1.6333547830000001,-2.016993284,6.774348259,-7.631897448999999,7.6743350029999995,-3.71558547,2.7120220660000003,2017
135,despacito,0.345843285,2629.105513,2547.256437,5486.046815,0.118185395,117.45383523,-128.83074950000002,70.41520691,-6.728916168,13.04188824,-0.40980920200000004,5.4150180820000005,-7.013814449,5.36274147,-8.067503928999999,2.7501192089999997,-1.788489223,1.581266522,-1.235556364,-0.9470543859999999,-3.5709481239999996,0.142422631,-9.272198677,3.480407238,-3.635055065,-0.567859471,2017
136,humble,0.622566521,2461.9605469999997,2592.669984,5424.080451,0.068005303,151.99908088,-121.26089479999999,72.46121216,9.685077667,24.18993187,9.016106606000001,16.96714401,8.433884621,18.07114983,3.474291325,11.36439323,3.7012236119999997,5.829966545,1.825143814,7.054270267000001,1.705307722,5.657188416,0.664367735,4.689825058,-0.01195665,6.935702324,2017
137,shape_of_you,0.334474206,2043.191921,2314.3094100000003,4342.824425,0.081189732,129.19921875,-70.86469269,100.1205902,3.0415306089999996,22.10608673,7.541697502000001,3.6583721639999998,-9.719484329,0.230396971,-11.78960991,0.40197175700000004,-2.7144582269999997,3.682446718,-2.7585279939999996,-1.032033205,-1.3972055909999999,0.9980914000000001,-7.277137756,2.879843712,-5.322810173,0.167631805,2017
138,mask_off,0.575849414,1388.288931,1979.057143,3141.25089,0.025019056,151.99908088,-167.9836731,115.3226242,10.94373131,12.63890266,23.22620583,19.255580899999998,-0.206725463,15.07793331,2.286789894,11.03156757,6.863441944,9.679985046,4.072171211000001,7.328982353,4.94207716,11.091726300000001,4.509290695,5.929078102,4.724943638,4.571542263,2017
139,im_the_one,0.355119824,2154.653803,2384.678022,4529.950929,0.072691169,107.66601562,-55.71897507,93.37605286,-9.192726135,11.57297993,0.27076056600000004,-2.086050272,-1.092797995,8.950574875,-1.927665472,4.746566296,-2.8989822860000003,4.615903854,-0.445517868,0.41067057799999995,0.17498368,2.427164793,-3.4092488289999996,6.342788219,-6.052483559,0.5608597989999999,2017
140,black_beatles,0.403650761,2116.58943,2556.132653,4896.563407,0.057016718,143.5546875,-93.92856598,112.7628021,19.570468899999998,1.01008451,12.31719589,2.495093584,2.285309315,12.53622913,-0.575125098,14.72711754,-2.1140332219999998,12.97710037,-1.018201947,7.294286251,3.939082861,7.0522851939999995,-3.233783007,7.644512653,-3.71710062,1.7273355719999999,2017
141,believer,0.39539966,2304.133887,2385.117699,4843.058497999999,0.09457062,123.046875,-60.35593796,85.82610321,-13.26115227,22.79201126,6.55924654,9.221092224,-6.548480988,8.92548275,-3.3456740380000003,1.208636761,0.145742476,1.2859649659999999,0.717111886,3.346002817,0.481521666,5.997514725,-4.357508183,-0.880350649,-3.356948853,-0.008286263,2017
142,24k_magic,0.39522022,2473.957434,2414.158784,5194.242472,0.114912246,107.66601562,-68.6754303,69.86851501,-5.343822479,18.71590042,-0.181150168,12.73788643,-1.733724952,6.6264505389999995,-0.37128871700000005,7.439439773999999,-1.36661458,4.510736465,-2.128904581,3.955933332,-1.579335809,3.648357153,-2.140402317,5.658195972000001,-2.260993004,3.1263122560000003,2017
143,xo_tour,0.434190929,2406.501022,2574.194303,5276.40579,0.070692924,151.99908088,-134.0408325,73.76737213,6.793246269,15.504749300000002,4.416731834,13.61567593,2.822277546,11.74773598,-0.52430284,16.22056198,6.516391754,6.052998066000001,0.027402992999999997,3.3548994060000004,-2.0603618619999997,0.794169605,-3.929388762,4.379415512,2.837484121,8.544078827,2017
144,thats_what_i_like,0.412283123,2610.6404989999996,2578.009391,5497.857943999999,0.11231055,135.99917763,-80.39121246,67.48020172,1.6941746469999999,18.16732025,3.853242636,12.80937386,-3.5995404719999997,6.759583472999999,0.038554803,6.467552185,-0.83353281,4.378195763,-2.227822781,3.0107886789999996,-0.480332404,0.312540054,-2.3112761969999998,6.437520504,-4.000745773,5.886286258999999,2017
145,closer,0.35875970100000004,2751.9166969999997,2726.811419,5965.115368,0.120941928,95.703125,-79.56568146,81.57244873,13.37697029,9.587355614,2.523028374,2.2881669999999996,-5.098772526,0.9458153840000001,-5.670972824,-1.078634739,-5.590326786,-2.023333788,-7.481972217999999,0.309278101,-2.146845102,3.5230968000000003,-1.6792891030000001,2.707833767,-4.950808048,-2.463423014,2017
146,wild_thoughts,0.399041355,2269.488023,2478.574386,4780.518154,0.095476189,99.38401442,-76.64575195,91.59342957,12.1665802,24.44797516,3.8887097839999996,3.90947628,3.187226295,0.5870646829999999,-1.208234668,7.672420025,-3.1087069510000003,4.808855534,-5.153771877,6.424511432999999,-3.354715109,2.261431456,-2.8706674580000002,3.209255695,-0.789946258,2.7084033489999997,2017
147,something_like_this,0.407182902,2245.176542,2466.705135,5006.834747999999,0.081219221,103.359375,-83.68305969,90.81541443,11.78079128,21.72393799,0.767109811,11.79595089,-5.491300106000001,6.125941277000001,-1.076987624,0.698270321,3.241072178,4.706496239,2.187936068,4.89744997,0.5233863000000001,5.223388672,-2.261767864,6.135695934,-1.032921433,-0.739064574,2017
148,bad_boujee,0.517367542,2407.540638,2695.968707,5387.788549,0.061438442,129.19921875,-79.5452652,82.91390991,24.01716232,21.86169815,10.04255104,9.670084953,0.894425571,11.32625675,3.26799655,8.445292473,4.086902142,5.801213263999999,3.082716942,9.526512146,2.541838884,5.679182053,-2.168150902,7.187988281,1.795008659,4.118062019,2017
149,body_like_a_back_road,0.37139436600000003,2085.563472,2307.255396,4257.721984000001,0.09486978,99.38401442,-94.17796326,104.93198390000002,-3.844202042,20.55202866,13.05162716,2.188148022,-9.5495224,-1.01817143,-5.912138462000001,-1.243902802,-2.738628626,-1.683172703,-5.593306065,-2.0385456090000003,-5.561401367,4.486815929,-9.969538689,1.077993751,-3.1455249789999997,2.180417299,2017
150,stay,0.345424026,2629.107422,2684.777716,5613.113698,0.125958433,103.359375,-63.11988831,78.91404724,3.379072905,18.25344658,6.670814991,-1.236104131,1.273821235,0.44862440200000003,1.708416462,-0.699442804,-2.964356422,-1.446743608,-6.164265632999999,-1.248468518,-5.368526936,4.763110161,-0.088427484,2.759386063,-1.515230417,3.823914051,2017
151,starboy,0.448654681,1842.1604149999998,2338.91174,4131.878444,0.050715656,123.046875,-98.3110199,102.4835968,9.494889258999999,25.92595673,11.31924725,9.74011898,9.503897667,6.001071453,-4.1779365539999995,11.40094376,1.500775814,0.40587607,2.419465065,4.618166447,1.093079209,5.450164795,-1.8201643230000002,4.466839314,-2.813174248,5.8199143410000005,2017
152,havana,0.382406741,1963.028469,2291.788783,4238.982322,0.077895172,103.359375,-87.78031158,109.30866999999999,3.0888733860000004,12.35096169,-3.1999821660000003,8.656173706,3.4348847869999997,-3.147228718,3.908913374,2.534941912,-4.4380784030000004,3.2464966769999997,-1.5488256219999998,3.772269249,-2.051075697,4.793578148,-4.79374361,0.23479272399999998,-4.93565321,-1.849605203,2018
153,bood_up,0.402682394,2402.199483,2608.22978,5255.168418,0.10078867300000001,107.66601562,-98.47449493,85.35890198,11.93698978,24.61927986,8.592066765,6.63406086,2.166743755,2.066299915,1.061770797,5.245299339,-5.170427322,4.870245934,-4.908345699,3.876961708,-5.230212212,-3.611871719,-2.413309097,5.702487946000001,-3.727352381,5.56243515,2018
154,nice_for_what,0.40251684200000004,3260.719845,2606.173911,6225.437982,0.16842913399999998,123.046875,-110.02950290000001,32.72365189,-25.88532448,-11.94535828,-22.68787384,-7.30086422,-11.76889992,-1.292458296,-9.024680137999999,-0.7117864490000001,-9.33439064,1.493497372,-6.7899432179999994,4.741264343,1.113800764,8.284811974,2.122542858,7.8560118679999995,-2.138893366,1.6120663880000001,2018
155,the_middle,0.311456859,2640.167703,2632.2753350000003,5520.933454,0.11826275,107.66601562,-104.9820023,72.65964508,0.40630993200000004,15.26244164,-3.6603455539999996,3.627805233,2.8845973010000003,-1.236083984,5.133104324,2.547540665,-4.628513336,1.078777313,-5.073203087,5.551440239,-4.414431095,6.971365452000001,2.077935219,-0.431092739,1.229941607,1.57723546,2018
156,gods_plan,0.430575311,2331.638651,2257.4062940000003,4767.75624,0.09587914300000001,151.99908088,-150.95187380000002,88.22615814,-11.53198528,2.536437273,7.020209789,-1.7605290409999999,-13.85449696,2.08419776,-5.183603764,-2.317439318,-7.163010597,-0.753440261,-5.395414352,3.437638044,1.736590743,7.981624126,-2.9137613769999997,3.503433228,0.744493425,2.8883080480000003,2018
157,lucid_dream,0.40907260799999995,1951.304682,2302.290739,4270.444374000001,0.065450091,112.34714674,-141.34297180000002,86.77300262,15.73123741,32.29977036,18.98795509,6.880302906,3.125828743,6.726995467999999,-9.200468062999999,6.158061028,-4.493833542,1.882825136,-2.811485052,-2.347708464,-0.879846692,6.623484135,-5.915623665,8.408556938,-1.7477985619999998,-0.199739158,2018
158,never_be_the_same,0.366146863,2037.8866739999999,2212.3482649999996,4298.780962,0.08788076199999999,129.19921875,-82.59235382,103.42196659999999,-0.9999195340000001,31.44600487,-0.19627924300000002,8.047569275,5.824558258,-5.211006165,5.349580765,0.915136397,-2.42340827,3.2743361,-3.4520127769999998,1.966915846,-6.6319904329999995,2.1537125109999997,-6.06210804,0.48392418,-4.504297256,2.079315186,2018
159,meant_to_be,0.405146569,2495.787384,2482.749139,5217.339463,0.10830835800000001,151.99908088,-84.57015991,75.37304688,2.533348083,29.89143562,6.520156384,7.482996941000001,-6.075658797999999,1.064197421,0.5576722620000001,-5.685889244,-9.652896881,3.4198787210000003,-6.228827,4.170438766,-0.38045507700000003,2.155489206,-0.38412219299999995,1.626630068,-2.067690849,1.10284102,2018
160,better_now,0.387896985,2020.4636600000001,2347.8821989999997,4436.273552000001,0.073290731,143.5546875,-74.91152954,109.9597015,15.70624542,9.03852272,-1.304300308,7.315480709,2.778711796,6.916264534,-2.143033743,5.02877903,3.691784143,1.302488446,5.789101124,0.921089649,-2.296860933,7.150947094,-13.16703033,4.828269005,-5.345945358,1.638204575,2018
161,love_lies,0.419433385,2433.399002,2588.4297579999998,5410.944890999999,0.08063335,143.5546875,-100.4152145,80.93004608,23.47205353,25.52070618,3.9371271130000003,13.70506954,2.892248869,4.533957958,2.4520144459999997,12.66567898,-1.932960153,6.665449618999999,1.9825481180000002,4.787614822,-4.239696503,5.680352687999999,-2.7440090180000003,2.0351135730000003,-2.535765886,-0.606122315,2018
162,no_tears,0.393166274,2655.434894,2661.701005,5600.556633,0.11173163400000001,123.046875,-59.96685028,67.55551147,0.811199546,28.13892746,-1.5415329930000001,8.92957592,2.6813020709999997,-0.304500788,7.185110092,6.889827727999999,-11.03565216,0.867307782,-3.4116044039999998,4.973824501,0.101225063,7.216502666,-0.7423862809999999,2.968758583,-2.119012117,4.974481583,2018
163,girls_like_you,0.341696084,2040.315,2360.594955,4550.0275679999995,0.075812112,123.046875,-98.35421753,98.54408264,15.68401146,29.77036476,7.245684147,9.427721024,-0.6807479259999999,2.809629202,-2.614733696,0.249327049,-6.233279705,-1.129082799,-1.864427805,-0.8636638520000001,-6.273423672000001,-3.399135828,-10.60173225,1.3161418440000001,-7.843697071,-1.24462986,2018
164,in_my_feelings,0.546370506,1994.648411,2366.416656,4261.258081,0.06331609,92.28515625,-175.9047546,81.53642273,20.22967529,26.554817200000002,10.47411156,8.79712677,0.853427768,11.06543541,-2.9773666860000003,8.114280701,-0.712434351,5.4148526189999995,-1.173630714,6.61670351,1.6537472009999998,3.176393509,2.4484288690000002,8.494973182999999,3.883650303,5.406361102999999,2018
165,i_like_it,0.385540515,2480.406159,2425.10112,5162.228534000001,0.108359894,135.99917763,-67.33782196,77.03756714,-14.512147899999999,15.35088539,-4.915472507,5.878286838999999,-0.9791142340000001,7.96586895,-2.071911335,6.596933842,-0.8171573879999999,3.6486713889999995,-3.6313157080000003,4.284548759,-3.075199366,1.148311257,-4.70123291,3.4668354989999997,-3.921996355,1.8643482919999999,2018
166,rockstar,0.487418979,1551.943151,2017.7840170000002,3250.7226,0.046167977,161.49902344,-212.7619171,118.751236,11.67754841,20.82497787,15.57100868,9.365739822,8.527960777,7.754016399,-0.497023582,4.960186481,4.941504002,5.062770367,5.337831497,2.4533808230000003,1.896972537,8.544473648,-4.20038271,9.336881638,0.381960034,3.819379807,2018
167,finesse,0.441625208,2883.9056579999997,2737.9211210000003,6147.040315,0.138586116,103.359375,-46.77313232,65.18193817,5.850786209,22.07660866,1.752871871,13.35762691,-5.159890175,6.420782088999999,-2.090381384,4.563634396,-1.8772306440000002,4.4943938260000005,-2.347469091,3.607875347,-2.163966656,1.759939075,-3.5553190710000004,5.0050396919999995,-4.222706795,5.062333107,2018
168,psycho,0.39435887299999994,1731.770678,2177.1554920000003,3585.491778,0.060298252999999996,143.5546875,-120.54970549999999,115.18416599999999,25.00138092,19.55606842,2.8620803360000004,7.734621047999999,3.8801913260000003,2.351815224,-7.949066639,-1.551722646,-3.503862858,-1.783077359,4.444242001,-3.433718204,0.12432435900000001,8.302414894,-8.356302261,5.846698761,-4.541079044,2.177597523,2018
169,sad,0.439769566,1804.440075,1922.777446,3651.4005850000003,0.078091595,99.38401442,-160.3487396,103.61947629999999,17.07303429,24.71774864,8.566865921,10.95709801,3.161155462,8.290496826,-3.624353886,7.2484960560000005,-8.12820816,-0.608317196,-3.2173113819999997,1.293997288,-5.51724577,-1.827559114,-4.631797791,1.781558514,-1.8628567459999998,-0.8510381579999999,2018
170,perfect,0.34196603299999995,2023.350564,2332.1053100000004,4426.012184,0.074026454,95.703125,-89.81489563,99.87091827,13.58817101,38.63911057,4.898627758,8.494318962000001,-0.561699927,4.434349537,-5.772938251,8.188544273,-7.976161003,1.815835238,-8.803899765,-4.749601364,-3.3259036539999998,-1.832315445,-9.033983231,4.8530869480000005,-3.780448675,-1.4502415659999999,2018
171,new_rules,0.40877282600000003,2647.1954739999996,2852.612139,6170.528442,0.08533246400000001,117.45383523,-73.70034790000001,76.25157166,9.055176735,13.930817600000001,8.567152023,3.588505507,5.201789856,0.155488983,0.809908152,10.11868763,-5.428257942,6.512868881,-0.94621557,7.550580025,-1.7841765880000002,3.580603838,-0.232701048,1.970336556,-4.481080055,2.627504826,2018
